,AT,BG,ES,FI,FR,GR,HR,IT,LT,LV,ME,MK,NO,PT,RO,RS,SE,SI
2014-12-28 00:00:00+00:00,,2056910.0,11822819.0,3455000.0,2737368.0,,1000110.0,,9376.0,10114.0,555.0,,55533000.0,,1799900.0,,19854000.0,2600.0
2015-01-04 00:00:00+00:00,1019454.0,1970971.0,11646669.0,3406000.0,2648112.0,,952270.0,4089547.0,9357.0,10179.0,255695.0,,53780000.0,2060343.0,1721600.0,,19180000.0,2600.0
2015-01-11 00:00:00+00:00,996580.0,1921031.0,11517257.0,3324000.0,2622624.0,,918570.0,3995003.0,10615.0,9413.0,236741.0,,51907000.0,1970600.0,1658700.0,,18458000.0,2600.0
2015-01-18 00:00:00+00:00,901223.0,1923410.0,11530991.0,3209000.0,2456362.0,,1002390.0,3819341.0,9136.0,8498.0,310731.0,,49084000.0,1923543.0,1638400.0,,17283000.0,2600.0
2015-01-25 00:00:00+00:00,826717.0,1987682.0,11702803.0,3127000.0,2289749.0,,1085170.0,3677635.0,10351.0,8620.0,326837.0,,46803000.0,1911900.0,1600700.0,,16448000.0,2600.0
2015-02-01 00:00:00+00:00,756969.0,2040314.0,11955294.0,2986000.0,2121193.0,,1161580.0,3597316.0,9722.0,8917.0,336913.0,,44087000.0,1937971.0,1549300.0,,15350000.0,2600.0
2015-02-08 00:00:00+00:00,700708.0,2037570.0,12089415.0,2818000.0,1832396.0,,1144610.0,3443124.0,9217.0,7572.0,228170.0,,42114000.0,2033514.0,1476800.0,,14769000.0,2600.0
2015-02-15 00:00:00+00:00,639712.0,2002016.0,12208680.0,2664000.0,1642339.0,,1122470.0,3238967.0,9268.0,8051.0,289156.0,,40447000.0,2016329.0,1405400.0,,13946000.0,2600.0
2015-02-22 00:00:00+00:00,593897.0,2010502.0,12379117.0,2543000.0,1498497.0,,1235590.0,3122172.0,9623.0,9841.0,311510.0,,38639000.0,2051386.0,1341600.0,,13062000.0,2600.0
2015-03-01 00:00:00+00:00,571460.0,2015503.0,12653460.0,2433000.0,1632116.0,,1247290.0,3032929.0,11919.0,9019.0,321157.0,,36967000.0,2068886.0,1316200.0,,12118000.0,2600.0
2015-03-08 00:00:00+00:00,547116.0,1972187.0,12812422.0,2344000.0,1314307.0,,1233900.0,2967385.0,10964.0,8149.0,312066.0,,35389000.0,2080386.0,1258300.0,,11178000.0,2600.0
2015-03-15 00:00:00+00:00,502729.0,1917192.0,12471119.0,2241000.0,1211849.0,,1190850.0,2886573.0,10644.0,7582.0,303447.0,,33219000.0,2066971.0,1218900.0,,10133000.0,2600.0
2015-03-22 00:00:00+00:00,461525.0,1919663.0,12746394.0,2141000.0,1111858.0,,1210810.0,2825301.0,7955.0,4700.0,318195.0,,31043000.0,2033314.0,1217800.0,,9256000.0,2600.0
2015-03-29 00:00:00+00:00,434975.0,1949647.0,12966701.0,2065000.0,1112498.0,,1207540.0,2920310.0,7585.0,5169.0,323267.0,,29108000.0,4038929.0,1280500.0,,8432000.0,2600.0
2015-04-05 00:00:00+00:00,409701.0,1929052.0,12820365.0,2044000.0,1120162.0,,1153590.0,2909423.0,9327.0,5848.0,317184.0,,27718000.0,1976443.0,1259600.0,,7944000.0,2600.0
2015-04-12 00:00:00+00:00,404410.0,1942343.0,12215143.0,2138000.0,1134908.0,,1008110.0,2841242.0,9490.0,6083.0,336838.0,,26492000.0,1952686.0,1330000.0,,7650000.0,2600.0
2015-04-19 00:00:00+00:00,393227.0,1939855.0,12242778.0,2328000.0,1191820.0,,1112620.0,2813414.0,10536.0,3199.0,354984.0,,26026000.0,1945071.0,1411900.0,,7991000.0,2600.0
2015-04-26 00:00:00+00:00,367209.0,1981652.0,13229237.0,2539000.0,1254809.0,,1093640.0,2814636.0,6443.0,2711.0,379477.0,,24829000.0,1979643.0,1580900.0,,8165000.0,2600.0
2015-05-03 00:00:00+00:00,412213.0,2088415.0,13438359.0,3010000.0,1518660.0,,1070810.0,2878991.0,9960.0,3175.0,385073.0,,25457000.0,2085414.0,1759300.0,,9568000.0,2600.0
2015-05-10 00:00:00+00:00,502374.0,2143595.0,13371999.0,3929000.0,1720675.0,,1036350.0,3060152.0,10363.0,2719.0,381712.0,,27086000.0,2113114.0,1833200.0,,11564000.0,2600.0
2015-05-17 00:00:00+00:00,571841.0,2208288.0,13139344.0,4227000.0,1917460.0,,1017460.0,3360977.0,7878.0,3263.0,387583.0,,27913000.0,2107100.0,1852400.0,,13216000.0,2600.0
2015-05-24 00:00:00+00:00,579440.0,2240914.0,12973505.0,4378000.0,1916174.0,,988680.0,3534460.0,7907.0,2975.0,393186.0,,29475000.0,2072543.0,1875400.0,,15687000.0,2600.0
2015-05-31 00:00:00+00:00,676265.0,2237831.0,12640709.0,4441000.0,2052323.0,,954220.0,3566479.0,9002.0,2412.0,393691.0,,32335000.0,2039143.0,1882400.0,,18867000.0,2600.0
2015-06-07 00:00:00+00:00,797835.0,2213308.0,12387195.0,4439000.0,2229232.0,,924120.0,3847809.0,9483.0,2518.0,387615.0,,35345000.0,2000714.0,1858900.0,,20434000.0,2600.0
2015-06-14 00:00:00+00:00,906370.0,2173502.0,12104154.0,4472000.0,2405020.0,,924120.0,4124111.0,8745.0,4044.0,387186.0,,37853000.0,1985386.0,1854300.0,,21232000.0,2600.0
2015-06-21 00:00:00+00:00,943975.0,2152535.0,12111641.0,4512000.0,2498453.0,,852120.0,4271559.0,8241.0,4996.0,388621.0,,41611000.0,1945757.0,1866000.0,,23010000.0,2600.0
2015-06-28 00:00:00+00:00,980300.0,2110752.0,11833445.0,4505000.0,2492731.0,,811450.0,4295064.0,8825.0,7927.0,381349.0,,47242000.0,1910143.0,1904100.0,,24601000.0,2600.0
2015-07-05 00:00:00+00:00,1067215.0,2042117.0,11469927.0,4464000.0,2532015.0,,772390.0,4357503.0,10362.0,8179.0,355391.0,,54074000.0,1880486.0,1883800.0,,26647000.0,2600.0
2015-07-12 00:00:00+00:00,1144892.0,1970978.0,11073847.0,4375000.0,2555627.0,,723210.0,4348769.0,8297.0,8019.0,321236.0,,57693000.0,1848357.0,1850800.0,,27690000.0,2600.0
2015-07-19 00:00:00+00:00,1223703.0,1856417.0,10735752.0,4359000.0,2543616.0,,678930.0,4236126.0,7941.0,8572.0,274243.0,,60958000.0,1820629.0,1794600.0,,28659000.0,2600.0
2015-07-26 00:00:00+00:00,1366889.0,1751765.0,10119042.0,4453000.0,2573500.0,,648130.0,4097836.0,8581.0,8503.0,268644.0,,63654000.0,1787914.0,1751100.0,,30191000.0,2600.0
2015-08-02 00:00:00+00:00,1462726.0,1719408.0,10237140.0,4437000.0,2610486.0,,622000.0,4003679.0,7814.0,7430.0,265128.0,,66488000.0,1755443.0,1703800.0,,30449000.0,
2015-08-09 00:00:00+00:00,1473223.0,1650611.0,9992493.0,4382000.0,2638154.0,,597360.0,3984800.0,7060.0,6651.0,250865.0,,68749000.0,1729729.0,1626200.0,,30435000.0,2600.0
2015-08-16 00:00:00+00:00,1478931.0,1613175.0,9784539.0,4228000.0,2683473.0,,575230.0,4061448.0,7837.0,8287.0,249450.0,,70520000.0,1703971.0,1639800.0,,30033000.0,2600.0
2015-08-23 00:00:00+00:00,1511025.0,1563909.0,9598408.0,4152000.0,2707234.0,,541500.0,4117710.0,6902.0,8331.0,243362.0,,73339000.0,1692400.0,1572800.0,,30003000.0,2600.0
2015-08-30 00:00:00+00:00,1486696.0,1528224.0,9364915.0,4082000.0,2670356.0,,520140.0,4129968.0,7872.0,10005.0,203123.0,,74646000.0,1666400.0,1516400.0,,29785000.0,2600.0
2015-09-06 00:00:00+00:00,1509042.0,1494284.0,9169785.0,4020000.0,2656060.0,,487070.0,4026236.0,6690.0,9411.0,180509.0,,74047000.0,1649886.0,1497400.0,,29093000.0,2600.0
2015-09-13 00:00:00+00:00,1434126.0,1434425.0,9105089.0,4031000.0,2653075.0,,465920.0,4033165.0,8246.0,10091.0,161031.0,,75719000.0,1690886.0,1426100.0,,29515000.0,2600.0
2015-09-20 00:00:00+00:00,1467245.0,1368077.0,8977424.0,4132000.0,2680678.0,,452810.0,4126445.0,6582.0,9351.0,153665.0,,76036000.0,1705843.0,1385800.0,,30044000.0,2600.0
2015-09-27 00:00:00+00:00,1491371.0,1337087.0,8724451.0,4115000.0,2644538.0,,433460.0,4107069.0,8761.0,9929.0,152146.0,,76191000.0,1664200.0,1446600.0,,30694000.0,2600.0
2015-10-04 00:00:00+00:00,1461989.0,1329061.0,8669879.0,4049000.0,2621532.0,,439860.0,4106403.0,6271.0,8866.0,145697.0,,75205000.0,1707629.0,1422600.0,,30341000.0,2600.0
2015-10-11 00:00:00+00:00,1440719.0,1319529.0,8604785.0,3979000.0,2591506.0,,621270.0,4038372.0,5994.0,6847.0,190498.0,,73925000.0,1680557.0,1476700.0,,29741000.0,2600.0
2015-10-18 00:00:00+00:00,1414479.0,1294702.0,8569837.0,3968000.0,2493778.0,,695010.0,4164017.0,7571.0,8699.0,229630.0,,73489000.0,1665429.0,1521100.0,,29323000.0,2600.0
2015-10-25 00:00:00+00:00,1384864.0,1279667.0,8598926.0,3952000.0,2409220.0,,681600.0,4056063.0,9330.0,11167.0,230876.0,,72651000.0,,1486300.0,,28725000.0,2600.0
2015-11-01 00:00:00+00:00,1350070.0,1277047.0,8875342.0,3926000.0,2394525.0,,665840.0,4000209.0,7897.0,9970.0,224341.0,,72148000.0,1708286.0,1420900.0,,28638000.0,2600.0
2015-11-08 00:00:00+00:00,1316621.0,1288817.0,8934039.0,3954000.0,2392543.0,,635110.0,3906385.0,9197.0,10952.0,211430.0,,72314000.0,1793629.0,1364700.0,,28218000.0,2600.0
2015-11-15 00:00:00+00:00,1287734.0,1289607.0,8779967.0,3948000.0,2344375.0,,612040.0,3782081.0,9272.0,10586.0,209369.0,,70592000.0,1835829.0,1318900.0,,27372000.0,2600.0
2015-11-22 00:00:00+00:00,1238403.0,1363112.0,8718362.0,3955000.0,2287176.0,,645260.0,3790472.0,8948.0,9794.0,234132.0,,69397000.0,1824471.0,1336100.0,,26620000.0,2600.0
2015-11-29 00:00:00+00:00,1185974.0,1383015.0,8676998.0,4022000.0,2249053.0,,615880.0,3712352.0,9419.0,9862.0,230881.0,,69670000.0,1809514.0,1348700.0,,26130000.0,2600.0
2015-12-06 00:00:00+00:00,1156756.0,1361722.0,8644764.0,4086000.0,2214811.0,,581700.0,3629521.0,8895.0,10054.0,219903.0,,69344000.0,1782414.0,1311700.0,,25381000.0,2600.0
2015-12-13 00:00:00+00:00,1105643.0,1328626.0,8596501.0,4148000.0,2108071.0,,559070.0,3561312.0,8083.0,8389.0,184030.0,,68811000.0,1774357.0,1237200.0,,24619000.0,2600.0
2015-12-20 00:00:00+00:00,1088965.0,1310921.0,8556639.0,4236000.0,2064510.0,,538000.0,3463109.0,11031.0,9570.0,208088.0,,69372000.0,1818457.0,1187700.0,,24625000.0,2600.0
2015-12-27 00:00:00+00:00,1080233.0,1303041.0,6785080.0,4212000.0,2031601.0,,518720.0,3418132.0,10433.0,8268.0,208088.0,,67753000.0,1857829.0,,,23841000.0,2600.0
2016-01-03 00:00:00+00:00,1045237.0,1297797.0,9381083.0,4110000.0,1978425.0,,541430.0,3374509.0,6252.0,9321.0,193580.0,,64794000.0,1927800.0,1044700.0,,22522000.0,2600.0
2016-01-10 00:00:00+00:00,1020559.0,1397112.0,10883109.0,3996000.0,2042176.0,,654800.0,3477282.0,7709.0,10733.0,234285.0,,61602000.0,2198557.0,1092900.0,,21203000.0,2600.0
2016-01-17 00:00:00+00:00,988529.0,1455754.0,11173326.0,3840000.0,1893646.0,,658480.0,3417821.0,9169.0,9251.0,,,58191000.0,2490071.0,1023600.0,,19811000.0,2600.0
2016-01-24 00:00:00+00:00,952521.0,1440299.0,11207337.0,3746000.0,1812965.0,,635570.0,3294486.0,10504.0,10209.0,233899.0,,56952000.0,2469386.0,963400.0,,18956000.0,2600.0
2016-01-31 00:00:00+00:00,946382.0,1459020.0,11070335.0,3598000.0,1808771.0,,609650.0,3132372.0,9762.0,9954.0,247069.0,,55234000.0,2479986.0,984500.0,,17939000.0,2600.0
2016-02-07 00:00:00+00:00,909004.0,1486760.0,11357441.0,3518000.0,1748370.0,,720760.0,3088368.0,8759.0,8739.0,438382.0,,52787000.0,2468486.0,990400.0,,16813000.0,2600.0
2016-02-14 00:00:00+00:00,844510.0,1550295.0,12031171.0,3360000.0,1645290.0,,864660.0,3097336.0,9511.0,9374.0,331292.0,,50219000.0,2591243.0,1063800.0,,15513000.0,2600.0
2016-02-21 00:00:00+00:00,787908.0,1592567.0,12031402.0,3171000.0,1523088.0,,907710.0,3071684.0,9674.0,8712.0,375186.0,,47410000.0,2725714.0,1131300.0,,14183000.0,2600.0
2016-02-28 00:00:00+00:00,714025.0,1624140.0,12049213.0,2964000.0,1368108.0,,981480.0,2912456.0,9811.0,7745.0,407900.0,,44505000.0,2684086.0,1161200.0,,12875000.0,2600.0
2016-03-06 00:00:00+00:00,634969.0,1662614.0,12036284.0,2784000.0,1308303.0,,1036640.0,2877488.0,8969.0,7307.0,436963.0,,41456000.0,2660967.0,1193600.0,,11665000.0,2600.0
2016-03-13 00:00:00+00:00,550396.0,1702455.0,11848066.0,2601000.0,1165647.0,,1027330.0,2812377.0,9335.0,6033.0,434365.0,,39364000.0,2632686.0,1178400.0,,10836000.0,2600.0
2016-03-20 00:00:00+00:00,449762.0,1767923.0,11817160.0,2439000.0,1032395.0,,1034120.0,2790665.0,7053.0,4288.0,449894.0,,37478000.0,2577557.0,1176600.0,,10001000.0,2600.0
2016-03-27 00:00:00+00:00,436803.0,1818909.0,12244664.0,2332000.0,993525.0,,1033280.0,2713632.0,9612.0,7781.0,462238.0,,35976000.0,5219757.0,1214100.0,,9326000.0,2600.0
2016-04-03 00:00:00+00:00,433903.0,1890117.0,12414712.0,2350000.0,1023632.0,,1022930.0,2699586.0,8774.0,7002.0,464085.0,,34504000.0,2679243.0,1318400.0,,8976000.0,2600.0
2016-04-10 00:00:00+00:00,422118.0,1953357.0,12550259.0,2433000.0,1039776.0,,1023250.0,2747284.0,7970.0,7777.0,457307.0,,32801000.0,2666086.0,1503200.0,,8566000.0,2600.0
2016-04-17 00:00:00+00:00,397331.0,2006184.0,13112404.0,2589000.0,1087120.0,,996890.0,2783594.0,8956.0,4314.0,448461.0,,31593000.0,2854014.0,1639500.0,,8241000.0,2600.0
2016-04-24 00:00:00+00:00,373351.0,2013872.0,13217848.0,2971000.0,1079049.0,,989150.0,2774551.0,7104.0,2654.0,450299.0,,29923000.0,2844943.0,1697900.0,,8180000.0,2600.0
2016-05-01 00:00:00+00:00,367185.0,2038944.0,13093247.0,3608000.0,1078797.0,,1006530.0,2821558.0,10554.0,2851.0,462636.0,,30014000.0,2811186.0,1760200.0,,9424000.0,2600.0
2016-05-08 00:00:00+00:00,391199.0,2085468.0,13476160.0,4024000.0,1190531.0,,1013530.0,2752590.0,10181.0,2347.0,451428.0,,,2893971.0,1856000.0,,11416000.0,2600.0
2016-05-15 00:00:00+00:00,392256.0,2112578.0,13674197.0,4174000.0,1355507.0,,1008590.0,2903655.0,8432.0,2135.0,342216.0,,33688000.0,2897771.0,1995700.0,,12671000.0,
2016-05-22 00:00:00+00:00,423614.0,2150791.0,13554370.0,4228000.0,1498294.0,,997390.0,3005766.0,7881.0,2193.0,454885.0,,38549000.0,2848071.0,2162300.0,,15548000.0,
2016-05-29 00:00:00+00:00,518826.0,2146202.0,13519124.0,4189000.0,1723111.0,,988410.0,2932447.0,7978.0,2048.0,458392.0,,45833000.0,2815871.0,2328600.0,,17763000.0,2600.0
2016-06-05 00:00:00+00:00,596714.0,2145151.0,13345050.0,4182000.0,1902719.0,,971680.0,3218069.0,7546.0,2675.0,449306.0,,49092000.0,2756129.0,2441200.0,,18310000.0,2600.0
2016-06-12 00:00:00+00:00,719299.0,2137333.0,13219967.0,4236000.0,2131614.0,,968170.0,3660455.0,6873.0,5085.0,458620.0,,51242000.0,2734229.0,2566700.0,,18748000.0,2600.0
2016-06-19 00:00:00+00:00,832085.0,2073122.0,13036121.0,4254000.0,2271954.0,,955790.0,3902844.0,8417.0,8272.0,480803.0,,54369000.0,2697043.0,2593800.0,,19417000.0,2600.0
2016-06-26 00:00:00+00:00,965186.0,2008528.0,12774619.0,4217000.0,2424740.0,,937000.0,4230585.0,7482.0,8433.0,431306.0,,58018000.0,2646229.0,2614700.0,,20321000.0,2600.0
2016-07-03 00:00:00+00:00,1086292.0,1940041.0,12509542.0,4317000.0,2595652.0,,911740.0,4327272.0,8576.0,8552.0,418342.0,,59329000.0,2607700.0,2621300.0,,20916000.0,2600.0
2016-07-10 00:00:00+00:00,1189228.0,1891137.0,12200938.0,4350000.0,2689942.0,,888990.0,4397487.0,7745.0,8373.0,404230.0,,60932000.0,2544600.0,2624000.0,,21301000.0,2600.0
2016-07-17 00:00:00+00:00,1227339.0,1854579.0,11874044.0,4314000.0,2746988.0,,865610.0,4408894.0,9509.0,7365.0,401819.0,,62061000.0,2486229.0,2641200.0,,21271000.0,2600.0
2016-07-24 00:00:00+00:00,1213870.0,1795318.0,11540088.0,4317000.0,2774693.0,,842300.0,4318213.0,8143.0,8331.0,384135.0,,63807000.0,2424957.0,2603400.0,,21423000.0,2600.0
2016-07-31 00:00:00+00:00,1256775.0,1748972.0,11146457.0,4385000.0,2815144.0,,812220.0,4374477.0,9345.0,7998.0,372200.0,,64991000.0,2370429.0,2612300.0,,21880000.0,2600.0
2016-08-07 00:00:00+00:00,1380409.0,1722288.0,10773235.0,4343000.0,2845905.0,,781880.0,4373600.0,10779.0,8671.0,365504.0,,66996000.0,2329471.0,2597000.0,,22403000.0,2600.0
2016-08-14 00:00:00+00:00,1461695.0,1688353.0,10415171.0,4326000.0,2843018.0,,747070.0,4389058.0,10653.0,8448.0,356258.0,,67029000.0,2274929.0,2565100.0,,22456000.0,2600.0
2016-08-21 00:00:00+00:00,1475904.0,1653310.0,10050679.0,4323000.0,2826938.0,,713800.0,4407545.0,10159.0,7604.0,341918.0,,67724000.0,2226157.0,2513800.0,,22647000.0,2600.0
2016-08-28 00:00:00+00:00,1462535.0,1622257.0,9667497.0,4323000.0,2746637.0,,678170.0,4374239.0,10377.0,9155.0,317830.0,,68720000.0,2160829.0,2429400.0,,23003000.0,2600.0
2016-09-04 00:00:00+00:00,1479219.0,1590147.0,9268747.0,4255000.0,2675879.0,,653460.0,4294015.0,10083.0,8824.0,292470.0,,69235000.0,2061129.0,2351300.0,,23302000.0,2600.0
2016-09-11 00:00:00+00:00,1490842.0,1562331.0,9027597.0,4194000.0,2580900.0,,585100.0,4272130.0,9909.0,9134.0,268620.0,,69411000.0,1993714.0,2270200.0,,23383000.0,2600.0
2016-09-18 00:00:00+00:00,1512694.0,1537198.0,8803999.0,4081000.0,2606349.0,,620090.0,4133212.0,9402.0,8635.0,251964.0,,68544000.0,1929471.0,2223300.0,,23086000.0,
2016-09-25 00:00:00+00:00,1461205.0,1519753.0,8577701.0,4068000.0,2512710.0,,594490.0,4053335.0,10219.0,9258.0,237152.0,,70814000.0,1853771.0,2172600.0,,,
2016-10-02 00:00:00+00:00,1417067.0,1493669.0,8339651.0,3981000.0,2454430.0,,558610.0,3954214.0,9459.0,9118.0,211446.0,,70102000.0,1782957.0,2067600.0,,22990000.0,2600.0
2016-10-09 00:00:00+00:00,1364113.0,1457192.0,8104900.0,3870000.0,2321294.0,,533990.0,3864829.0,10657.0,8896.0,188452.0,,68334000.0,1743943.0,2022500.0,,22360000.0,2600.0
2016-10-16 00:00:00+00:00,1322498.0,1393945.0,7886057.0,3799000.0,2262240.0,,536060.0,3792080.0,10023.0,9137.0,187048.0,,66485000.0,1705400.0,1984800.0,,21783000.0,2600.0
2016-10-23 00:00:00+00:00,1277134.0,1321612.0,7722790.0,3771000.0,2211351.0,,534200.0,3773818.0,10917.0,8979.0,186626.0,,65043000.0,1671600.0,1938300.0,,21278000.0,2600.0
2016-10-30 00:00:00+00:00,1272662.0,1258411.0,7376536.0,3716000.0,2271496.0,,524500.0,3689160.0,9866.0,9144.0,189206.0,,63471000.0,,1886300.0,,20689000.0,2600.0
2016-11-06 00:00:00+00:00,1269272.0,1274126.0,7555810.0,3615000.0,2313148.0,,649750.0,3719724.0,6792.0,8639.0,244648.0,,60755000.0,1627657.0,1905300.0,,19715000.0,2600.0
2016-11-13 00:00:00+00:00,1253268.0,1290007.0,7481105.0,3591000.0,2333679.0,,684810.0,3711690.0,11687.0,9676.0,262296.0,,59577000.0,1579443.0,1943300.0,,19390000.0,2600.0
2016-11-20 00:00:00+00:00,1256411.0,1294236.0,7599520.0,3650000.0,2455207.0,,719570.0,3623384.0,10243.0,8136.0,253511.0,,58649000.0,1551586.0,1919800.0,,19180000.0,2600.0
2016-11-27 00:00:00+00:00,1198418.0,1291798.0,7714959.0,3649000.0,2486202.0,,725750.0,3533090.0,11096.0,8190.0,238568.0,,56891000.0,1585857.0,1859900.0,,18694000.0,2600.0
2016-12-04 00:00:00+00:00,1108707.0,1272745.0,7687711.0,3614000.0,2388603.0,,696570.0,3533090.0,11381.0,8434.0,208177.0,,56649000.0,1598757.0,1780500.0,,18459000.0,2600.0
2016-12-11 00:00:00+00:00,1007832.0,1243211.0,7555762.0,3516000.0,2256174.0,,652180.0,3436680.0,9486.0,6983.0,172699.0,,54457000.0,1626214.0,1664900.0,522000.0,17102000.0,2600.0
2016-12-18 00:00:00+00:00,885063.0,1206395.0,7430516.0,3501000.0,2066183.0,,607210.0,3436680.0,10070.0,7435.0,144792.0,,53687000.0,1632957.0,1538600.0,499000.0,17801000.0,2600.0
2016-12-25 00:00:00+00:00,866343.0,1141334.0,7327317.0,3511000.0,1978452.0,,580200.0,3098054.0,11391.0,8347.0,126241.0,,53987000.0,1629814.0,1458800.0,499000.0,17924000.0,2600.0
2017-01-01 00:00:00+00:00,825978.0,1117088.0,7130612.0,3415000.0,1731080.0,,551330.0,2863629.0,10582.0,8707.0,124296.0,,51959000.0,1617214.0,1364800.0,484000.0,17222000.0,2600.0
2017-01-08 00:00:00+00:00,784999.0,1042552.0,6916889.0,3328000.0,1506079.0,,549980.0,2796794.0,10900.0,8801.0,101221.0,,50102000.0,1577700.0,1216500.0,430000.0,16533000.0,2600.0
2017-01-15 00:00:00+00:00,736945.0,1009318.0,6760232.0,3213000.0,1352500.0,,516530.0,2597249.0,9412.0,7974.0,99519.0,,48484000.0,1515543.0,1106300.0,403000.0,15735000.0,2600.0
2017-01-22 00:00:00+00:00,647447.0,988265.0,6292513.0,3073000.0,988159.0,,481160.0,2528181.0,9279.0,7889.0,89730.0,,46780000.0,1461814.0,999600.0,345000.0,15049000.0,2600.0
2017-01-29 00:00:00+00:00,574658.0,987839.0,6505877.0,2929000.0,907065.0,,511520.0,2325391.0,9751.0,6859.0,100561.0,,44240000.0,1405929.0,934900.0,344000.0,14159000.0,2600.0
2017-02-05 00:00:00+00:00,533869.0,1008874.0,7201542.0,2765000.0,971170.0,,601080.0,2368472.0,9319.0,7338.0,129687.0,,41458000.0,1487671.0,914300.0,358000.0,13006000.0,2600.0
2017-02-12 00:00:00+00:00,528844.0,1006501.0,7790765.0,2657000.0,937230.0,,591880.0,2345618.0,10417.0,8089.0,122128.0,,39043000.0,1727214.0,891100.0,334000.0,12132000.0,2600.0
2017-02-19 00:00:00+00:00,525197.0,1010646.0,8097145.0,2574000.0,935748.0,,620630.0,2119976.0,12097.0,8502.0,120188.0,,37381000.0,1844157.0,885300.0,305000.0,11406000.0,2600.0
2017-02-26 00:00:00+00:00,520021.0,1032611.0,8184241.0,2457000.0,843774.0,,720410.0,2235214.0,11166.0,7265.0,149643.0,,35222000.0,1847543.0,917700.0,315000.0,10534000.0,2600.0
2017-03-05 00:00:00+00:00,484480.0,1094476.0,8247393.0,2327000.0,856354.0,,858950.0,2232200.0,11929.0,6196.0,188327.0,,32716000.0,1855914.0,960000.0,312000.0,9540000.0,2600.0
2017-03-12 00:00:00+00:00,474694.0,1125410.0,8311024.0,2246000.0,873142.0,,874840.0,2243886.0,10691.0,7238.0,193118.0,,31142000.0,1902357.0,974300.0,314000.0,8862000.0,2600.0
2017-03-19 00:00:00+00:00,467394.0,1147680.0,8180421.0,2127000.0,851557.0,,869330.0,2178201.0,9982.0,4752.0,186989.0,,29456000.0,1925957.0,1037900.0,321000.0,8156000.0,2600.0
2017-03-26 00:00:00+00:00,439512.0,1180019.0,8163916.0,2040000.0,841629.0,,863750.0,2171412.0,8718.0,5808.0,187723.0,,28601000.0,3872771.0,1098400.0,331000.0,7636000.0,2600.0
2017-04-02 00:00:00+00:00,411399.0,1210589.0,8214929.0,1992000.0,839510.0,,853210.0,2151520.0,9035.0,4793.0,184346.0,,28251000.0,1995071.0,1099200.0,330000.0,7398000.0,2600.0
2017-04-09 00:00:00+00:00,391455.0,1234521.0,8167928.0,1989000.0,858713.0,,835200.0,2151520.0,8670.0,5234.0,187268.0,,27589000.0,1993386.0,1093900.0,322000.0,7188000.0,2600.0
2017-04-16 00:00:00+00:00,393654.0,1291773.0,8136193.0,1952000.0,872913.0,,824620.0,2142510.0,8419.0,5159.0,194059.0,,26148000.0,2005786.0,1071100.0,329000.0,6838000.0,2600.0
2017-04-23 00:00:00+00:00,378402.0,1317530.0,8012233.0,1956000.0,909507.0,,844000.0,2269308.0,9626.0,2297.0,198728.0,,24236000.0,1993214.0,1186800.0,329000.0,6373000.0,2600.0
2017-04-30 00:00:00+00:00,376944.0,1388385.0,7945915.0,2092000.0,926378.0,,864230.0,2207607.0,12022.0,2661.0,203933.0,,23543000.0,2004471.0,1425800.0,347000.0,6615000.0,2600.0
2017-05-07 00:00:00+00:00,376608.0,1450182.0,7931374.0,2184000.0,1016298.0,,874520.0,2246873.0,9865.0,2415.0,216927.0,,23183000.0,2050557.0,1603900.0,347000.0,6873000.0,2600.0
2017-05-14 00:00:00+00:00,434020.0,1501092.0,8164482.0,2402000.0,1169199.0,,876690.0,2372050.0,10721.0,2273.0,216456.0,,28682000.0,2128671.0,1732100.0,381000.0,8474000.0,2600.0
2017-05-21 00:00:00+00:00,516554.0,1548488.0,8163003.0,3033000.0,1337825.0,,870420.0,2541644.0,9278.0,2688.0,224585.0,,33857000.0,2133371.0,1810200.0,402000.0,11123000.0,2600.0
2017-05-28 00:00:00+00:00,630154.0,1612853.0,8054391.0,3432000.0,1648732.0,,853580.0,2741695.0,10153.0,2469.0,222026.0,,37965000.0,2139414.0,1849600.0,439000.0,12696000.0,2600.0
2017-06-04 00:00:00+00:00,790971.0,1662526.0,8016396.0,3707000.0,1907481.0,,835710.0,2876456.0,9952.0,2157.0,227721.0,,44950000.0,2136386.0,1895200.0,468000.0,15186000.0,2600.0
2017-06-11 00:00:00+00:00,889162.0,1697790.0,7844857.0,3834000.0,2069304.0,,817670.0,3302722.0,9624.0,4662.0,223203.0,,50159000.0,2095243.0,1895200.0,468000.0,18185000.0,2600.0
2017-06-18 00:00:00+00:00,977080.0,1720384.0,7643441.0,3911000.0,2246981.0,,795130.0,3469528.0,9817.0,7760.0,215511.0,,53631000.0,2062871.0,1932200.0,485000.0,20285000.0,2600.0
2017-06-25 00:00:00+00:00,1109408.0,1711931.0,7498061.0,3948000.0,2376558.0,,779360.0,3571075.0,10064.0,7200.0,215379.0,,55720000.0,2059871.0,1884700.0,468000.0,21751000.0,2600.0
2017-07-02 00:00:00+00:00,1205375.0,1691383.0,7430419.0,3906000.0,2453834.0,,752240.0,3590722.0,8351.0,3190.0,213109.0,,56950000.0,2031329.0,1903800.0,465000.0,22576000.0,2600.0
2017-07-09 00:00:00+00:00,1292783.0,1644957.0,7323298.0,3970000.0,2469901.0,,724890.0,3775123.0,9994.0,6593.0,203530.0,,58713000.0,2004957.0,1903000.0,461000.0,24418000.0,2600.0
2017-07-16 00:00:00+00:00,1363728.0,1655842.0,7157049.0,4012000.0,2472334.0,,687630.0,3784178.0,10926.0,7452.0,199318.0,,60102000.0,1974843.0,1848000.0,462000.0,25453000.0,2600.0
2017-07-23 00:00:00+00:00,1445422.0,1645003.0,6972171.0,3977000.0,2515875.0,,586890.0,3769144.0,7482.0,8349.0,196850.0,,61742000.0,1907243.0,1854400.0,462000.0,26000000.0,2600.0
2017-07-30 00:00:00+00:00,1535390.0,1603311.0,6754811.0,3981000.0,2534378.0,,597250.0,3651815.0,9612.0,8482.0,182909.0,,64004000.0,1844443.0,1811600.0,462000.0,26679000.0,2600.0
2017-08-06 00:00:00+00:00,1646395.0,1568980.0,6569548.0,3990000.0,2550592.0,,557350.0,3664323.0,9399.0,7058.0,171113.0,,65357000.0,1824543.0,1852200.0,452000.0,26900000.0,2600.0
2017-08-13 00:00:00+00:00,1697579.0,1546964.0,6398196.0,3955000.0,2543603.0,,524720.0,3702793.0,9198.0,7383.0,170139.0,,66620000.0,1784229.0,1859100.0,452000.0,27290000.0,2600.0
2017-08-20 00:00:00+00:00,1723390.0,1522645.0,6210803.0,3897000.0,2523198.0,,495320.0,3723749.0,9308.0,7856.0,164274.0,,66678000.0,1715543.0,1862500.0,447000.0,27348000.0,2600.0
2017-08-27 00:00:00+00:00,1699862.0,1506017.0,6034424.0,3915000.0,2493281.0,,467360.0,3626203.0,10275.0,8291.0,159839.0,,66334000.0,1671057.0,1833500.0,461000.0,27241000.0,2600.0
2017-09-03 00:00:00+00:00,1729667.0,1492821.0,5843347.0,3878000.0,2483308.0,,443190.0,3646282.0,9715.0,8241.0,159994.0,,66891000.0,1622357.0,1839500.0,460000.0,26887000.0,2600.0
2017-09-10 00:00:00+00:00,1735631.0,1478461.0,5637231.0,4038000.0,2446898.0,,468600.0,3647431.0,9642.0,8311.0,157010.0,,68380000.0,1592157.0,1823600.0,448000.0,27346000.0,2600.0
2017-09-17 00:00:00+00:00,1724841.0,1469255.0,5384857.0,4048000.0,2416702.0,,492620.0,3628901.0,10027.0,5643.0,156743.0,,68189000.0,1545857.0,1808300.0,453000.0,27182000.0,2600.0
2017-09-24 00:00:00+00:00,1681783.0,1475454.0,5183299.0,3997000.0,2356294.0,1302714.0,486280.0,3536488.0,9165.0,8194.0,156586.0,,68088000.0,1530371.0,1783900.0,465000.0,26797000.0,2600.0
2017-10-01 00:00:00+00:00,1681296.0,1478375.0,5060620.0,3982000.0,2309797.0,1271709.0,447440.0,3442115.0,11170.0,7945.0,153352.0,,70394000.0,1510471.0,1752300.0,465000.0,27180000.0,2600.0
2017-10-08 00:00:00+00:00,1704573.0,1465920.0,4949108.0,3991000.0,2246056.0,1231531.0,423140.0,3411510.0,9685.0,7889.0,147125.0,,70449000.0,1468029.0,1714900.0,463000.0,27269000.0,2600.0
2017-10-15 00:00:00+00:00,1652668.0,1452098.0,4843917.0,4013000.0,2208835.0,1198433.0,404040.0,3330403.0,9314.0,7889.0,138318.0,,70854000.0,1442671.0,1661200.0,461000.0,27470000.0,2600.0
2017-10-22 00:00:00+00:00,1622939.0,1446231.0,4770893.0,4007000.0,2184170.0,1172921.0,400660.0,3269566.0,9210.0,8071.0,134927.0,,71179000.0,1435057.0,1670000.0,456000.0,27397000.0,2600.0
2017-10-29 00:00:00+00:00,1629403.0,1424873.0,4698007.0,3953000.0,2160397.0,1140414.0,388320.0,3228481.0,10933.0,8513.0,130487.0,,70968000.0,,1656600.0,445000.0,27244000.0,2600.0
2017-11-05 00:00:00+00:00,1597426.0,1395997.0,4649081.0,4030000.0,2079340.0,1099043.0,424280.0,3162275.0,10218.0,7783.0,128999.0,,69864000.0,1417914.0,1627300.0,439000.0,26900000.0,2600.0
2017-11-12 00:00:00+00:00,1550100.0,1395563.0,4600037.0,4079000.0,1987997.0,1117501.0,439970.0,3109341.0,11084.0,8451.0,188379.0,,68313000.0,1387600.0,1640600.0,442000.0,26302000.0,2600.0
2017-11-19 00:00:00+00:00,1514230.0,1385162.0,4510120.0,4077000.0,1861449.0,1155291.0,448000.0,3060486.0,8753.0,8521.0,189809.0,,67072000.0,1351600.0,1592800.0,431000.0,25651000.0,2600.0
2017-11-26 00:00:00+00:00,1463689.0,1455267.0,4412918.0,4072000.0,1786793.0,1249560.0,519350.0,3008002.0,9384.0,7289.0,234802.0,,64762000.0,1341429.0,1586700.0,427000.0,24901000.0,2600.0
2017-12-03 00:00:00+00:00,1404330.0,1588095.0,4308428.0,4079000.0,1535027.0,1533209.0,522980.0,2958478.0,10272.0,7919.0,266588.0,,64229000.0,1340014.0,1583800.0,435000.0,24360000.0,2600.0
2017-12-10 00:00:00+00:00,1380317.0,1608850.0,4558296.0,4060000.0,1497896.0,1590837.0,641590.0,2972148.0,10292.0,7460.0,347641.0,,61616000.0,1322771.0,1613700.0,434000.0,23368000.0,2600.0
2017-12-17 00:00:00+00:00,1266727.0,1617763.0,4707469.0,4042000.0,1464078.0,1635696.0,658760.0,2995033.0,8297.0,6376.0,377171.0,,60398000.0,1418043.0,1609600.0,444000.0,22745000.0,2600.0
2017-12-24 00:00:00+00:00,1259083.0,1651976.0,4798953.0,4039000.0,1493019.0,1696886.0,756380.0,2968208.0,11946.0,7503.0,409560.0,,59449000.0,1413329.0,1620400.0,444000.0,22188000.0,2600.0
2017-12-31 00:00:00+00:00,1269659.0,1671174.0,5104802.0,4008000.0,1577489.0,1790956.0,793980.0,2983838.0,11820.0,5673.0,418356.0,,57311000.0,1390871.0,1639700.0,477000.0,21437000.0,2600.0
2018-01-07 00:00:00+00:00,1239217.0,1670134.0,5284528.0,3903000.0,1719409.0,1822781.0,837010.0,2954809.0,9250.0,6672.0,411673.0,,54521000.0,1451843.0,1646800.0,480000.0,20281000.0,
2018-01-14 00:00:00+00:00,1173769.0,1658238.0,5330221.0,3772000.0,1660658.0,1904086.0,868160.0,2897498.0,6321.0,7864.0,395183.0,,51801000.0,1485386.0,1624100.0,480000.0,19159000.0,2600.0
2018-01-21 00:00:00+00:00,1056605.0,1647562.0,5403403.0,3660000.0,1704964.0,1996727.0,868450.0,2804976.0,8456.0,6395.0,366549.0,,49476000.0,1540214.0,1609200.0,463000.0,18222000.0,2600.0
2018-01-28 00:00:00+00:00,989005.0,1660435.0,5411688.0,3501000.0,1639471.0,2046091.0,889900.0,2696788.0,11009.0,7324.0,375625.0,,46858000.0,1551814.0,1614500.0,438000.0,17152000.0,2600.0
2018-02-04 00:00:00+00:00,890512.0,1711730.0,5358573.0,3322000.0,1416974.0,2293840.0,977510.0,2606824.0,9169.0,7561.0,399949.0,,43915000.0,1566043.0,1611100.0,457000.0,15843000.0,
2018-02-11 00:00:00+00:00,803073.0,1743908.0,5458728.0,3143000.0,1194343.0,2444699.0,965580.0,2523214.0,9665.0,8290.0,376707.0,,41079000.0,1547900.0,1613700.0,454000.0,14554000.0,
2018-02-18 00:00:00+00:00,681020.0,1723507.0,5669946.0,2946000.0,1101070.0,2549809.0,955250.0,2439964.0,8766.0,8184.0,342482.0,,37892000.0,1583429.0,1593100.0,419000.0,13221000.0,
2018-02-25 00:00:00+00:00,605809.0,1705787.0,5770462.0,2735000.0,812004.0,2699499.0,935440.0,2342729.0,9191.0,7651.0,308430.0,,34662000.0,1594371.0,1478700.0,385000.0,11769000.0,
2018-03-04 00:00:00+00:00,503536.0,1776188.0,6658816.0,2551000.0,665128.0,2919706.0,1121590.0,2336355.0,10215.0,7862.0,344780.0,,31734000.0,1597257.0,1471300.0,366000.0,10493000.0,2600.0
2018-03-11 00:00:00+00:00,427773.0,1839948.0,8217673.0,2382000.0,703526.0,2961589.0,1217100.0,2398007.0,8965.0,8091.0,384110.0,,29092000.0,1836114.0,1604600.0,404000.0,9294000.0,2600.0
2018-03-18 00:00:00+00:00,367426.0,1894297.0,9172003.0,2207000.0,643391.0,3008900.0,1282820.0,2427766.0,10441.0,5316.0,417930.0,,26681000.0,2250171.0,1595200.0,451000.0,8229000.0,2600.0
2018-03-25 00:00:00+00:00,323029.0,1944737.0,9560482.0,2020000.0,586044.0,3060004.0,1329170.0,2431642.0,8015.0,7664.0,416443.0,,24347000.0,4898315.0,1602100.0,464000.0,7181000.0,2600.0
2018-04-01 00:00:00+00:00,324036.0,1977371.0,10090503.0,1908000.0,597380.0,3043253.0,1375260.0,2395419.0,8819.0,6924.0,432111.0,,22328000.0,2547257.0,1754500.0,481000.0,6380000.0,2600.0
2018-04-08 00:00:00+00:00,322445.0,1994457.0,10768647.0,1807000.0,616931.0,3027163.0,1404080.0,2392053.0,11372.0,4091.0,434576.0,,20658000.0,2609686.0,2023200.0,506000.0,5705000.0,2600.0
2018-04-15 00:00:00+00:00,322607.0,2025704.0,11454574.0,1843000.0,642271.0,3032033.0,1392220.0,2471908.0,10269.0,5769.0,432930.0,,21220000.0,2658886.0,2237400.0,507000.0,5672000.0,2600.0
2018-04-22 00:00:00+00:00,384622.0,2037213.0,11748211.0,1979000.0,811033.0,3028016.0,1345780.0,2618231.0,8529.0,3071.0,421042.0,,22371000.0,2673271.0,2356400.0,507000.0,6763000.0,2600.0
2018-04-29 00:00:00+00:00,462357.0,2060876.0,11937485.0,2421000.0,1002365.0,3029507.0,1313610.0,2771515.0,9463.0,3045.0,423271.0,,23142000.0,2669543.0,2409700.0,518000.0,8490000.0,2600.0
2018-05-06 00:00:00+00:00,563938.0,2100079.0,11941137.0,3243000.0,1101932.0,3038874.0,1277680.0,3028291.0,10395.0,2544.0,419986.0,,31190000.0,2661200.0,2409900.0,512000.0,13115000.0,2600.0
2018-05-13 00:00:00+00:00,629988.0,2102751.0,12009342.0,3827000.0,1327826.0,3033317.0,1248790.0,3181651.0,8657.0,2224.0,420188.0,,37027000.0,2668614.0,2419900.0,519000.0,17462000.0,2600.0
2018-05-20 00:00:00+00:00,675667.0,2111463.0,11943098.0,3929000.0,1497111.0,3032193.0,1224780.0,3304250.0,8487.0,2190.0,417796.0,,40774000.0,2637900.0,2419800.0,500000.0,19281000.0,2600.0
2018-05-27 00:00:00+00:00,774086.0,2124588.0,12098391.0,3905000.0,1791003.0,3014314.0,1204590.0,3601830.0,7999.0,2220.0,413094.0,,44964000.0,2625314.0,2363700.0,492000.0,20367000.0,2600.0
2018-06-03 00:00:00+00:00,911618.0,2130283.0,12247101.0,3875000.0,2062657.0,2954506.0,1170530.0,3877704.0,8988.0,2195.0,413915.0,,46690000.0,2614743.0,2344400.0,496000.0,20494000.0,2600.0
2018-06-10 00:00:00+00:00,982583.0,2142384.0,12408446.0,3843000.0,2343672.0,2896343.0,1139120.0,4095425.0,9025.0,6657.0,413789.0,,48731000.0,2637429.0,2407100.0,495000.0,20739000.0,2600.0
2018-06-17 00:00:00+00:00,1072631.0,2140617.0,12240822.0,3874000.0,2562038.0,2860097.0,1099020.0,4284428.0,9950.0,8212.0,407332.0,,50420000.0,2592757.0,2530000.0,505000.0,21620000.0,2600.0
2018-06-24 00:00:00+00:00,1146615.0,2208620.0,11943759.0,3875000.0,2685251.0,2846676.0,1060290.0,4352254.0,8042.0,8335.0,406917.0,,50709000.0,2534243.0,2721000.0,521000.0,21680000.0,2600.0
2018-07-01 00:00:00+00:00,1211450.0,2211448.0,11719596.0,3860000.0,2829080.0,2822357.0,1012030.0,4358876.0,8143.0,8785.0,402179.0,,50465000.0,2501543.0,2803400.0,540000.0,21524000.0,2600.0
2018-07-08 00:00:00+00:00,1302507.0,2218419.0,11467992.0,3794000.0,2807415.0,2778884.0,961390.0,4394693.0,7975.0,8486.0,389867.0,,49974000.0,2401729.0,2828100.0,540000.0,21322000.0,2600.0
2018-07-15 00:00:00+00:00,1341843.0,2191414.0,10732749.0,3706000.0,2788177.0,2702659.0,915650.0,4389890.0,9204.0,8064.0,373895.0,,49632000.0,2317171.0,2827700.0,529000.0,21356000.0,2600.0
2018-07-22 00:00:00+00:00,1381121.0,2179659.0,10458582.0,3638000.0,2800440.0,2615681.0,869450.0,4360189.0,9003.0,8253.0,352804.0,,49371000.0,2241043.0,2832900.0,521000.0,21390000.0,2600.0
2018-07-29 00:00:00+00:00,1444227.0,2187541.0,10315467.0,3563000.0,2817640.0,2539271.0,810550.0,4247874.0,7712.0,7727.0,329678.0,,50038000.0,2178700.0,2839600.0,502000.0,21523000.0,2600.0
2018-08-05 00:00:00+00:00,1500726.0,2139430.0,10042983.0,3481000.0,2837239.0,2473324.0,756850.0,4216926.0,9063.0,7710.0,308921.0,,51448000.0,2124186.0,2815800.0,479000.0,21708000.0,2600.0
2018-08-12 00:00:00+00:00,1570134.0,2093165.0,9871317.0,3427000.0,2869444.0,2397317.0,706790.0,4161624.0,10721.0,9058.0,294196.0,,53168000.0,2096800.0,2774000.0,443000.0,21911000.0,2600.0
2018-08-19 00:00:00+00:00,1590460.0,2029106.0,9628642.0,3386000.0,2837907.0,2293956.0,650790.0,4131880.0,9292.0,9483.0,270209.0,,54189000.0,2026614.0,2699500.0,413000.0,22126000.0,2600.0
2018-08-26 00:00:00+00:00,1669709.0,1969159.0,9346210.0,3340000.0,2778684.0,2219989.0,612720.0,4098241.0,8263.0,7990.0,246866.0,,53841000.0,1935614.0,2645400.0,405000.0,21985000.0,2600.0
2018-09-02 00:00:00+00:00,1738514.0,1929205.0,9110095.0,3264000.0,2718547.0,2125870.0,581860.0,4046281.0,8495.0,8075.0,227581.0,,53837000.0,1853000.0,2589700.0,388000.0,21547000.0,2600.0
2018-09-09 00:00:00+00:00,1741437.0,1876882.0,8868061.0,3281000.0,2678886.0,2045654.0,540190.0,3948743.0,7019.0,7240.0,215252.0,,57134000.0,1784100.0,2520900.0,376000.0,21442000.0,2600.0
2018-09-16 00:00:00+00:00,1758824.0,1820850.0,8602508.0,3293000.0,2632172.0,1975321.0,494000.0,3868229.0,8442.0,6970.0,198888.0,,60389000.0,1708971.0,2436600.0,370000.0,21938000.0,2600.0
2018-09-23 00:00:00+00:00,1796341.0,1769129.0,8374465.0,3295000.0,2588940.0,1917447.0,461860.0,3783062.0,7758.0,6598.0,191944.0,,62837000.0,1621657.0,2348500.0,363000.0,22871000.0,2600.0
2018-09-30 00:00:00+00:00,1915721.0,1706155.0,8040905.0,3254000.0,2533385.0,1873330.0,429600.0,3675600.0,7540.0,6064.0,177751.0,,63149000.0,1557000.0,2258500.0,359000.0,23176000.0,2600.0
2018-10-07 00:00:00+00:00,1874838.0,1667334.0,7843930.0,3263000.0,2476781.0,1831636.0,399140.0,3613699.0,8633.0,9332.0,164038.0,,65295000.0,1527771.0,2185900.0,366000.0,23564000.0,2600.0
2018-10-14 00:00:00+00:00,1838550.0,1615113.0,7777168.0,3267000.0,2504641.0,1782606.0,383260.0,3534722.0,8936.0,8359.0,149882.0,,66608000.0,1503986.0,2082300.0,374000.0,23965000.0,2600.0
2018-10-21 00:00:00+00:00,1810607.0,1587228.0,7728196.0,3268000.0,2474033.0,1734119.0,348090.0,3529871.0,8080.0,8773.0,143140.0,,66757000.0,1461729.0,2019200.0,367000.0,23955000.0,2600.0
2018-10-28 00:00:00+00:00,1893120.0,1570870.0,7630760.0,3239000.0,2418967.0,1699406.0,404910.0,3746214.0,11328.0,9574.0,195200.0,,65541000.0,,1965700.0,376000.0,23740000.0,2600.0
2018-11-04 00:00:00+00:00,1911657.0,1544466.0,7685544.0,3250000.0,2457273.0,1662379.0,391720.0,3860475.0,8985.0,9018.0,198820.0,,64879000.0,1424714.0,1904000.0,383000.0,23524000.0,
2018-11-11 00:00:00+00:00,1855791.0,1481489.0,7848784.0,3276000.0,2472229.0,1617200.0,378790.0,3869622.0,9762.0,8655.0,195410.0,,65220000.0,1467957.0,1811400.0,380000.0,23795000.0,
2018-11-18 00:00:00+00:00,1725074.0,1408661.0,7927348.0,3182000.0,2331922.0,1607640.0,377580.0,3756103.0,9622.0,9139.0,239703.0,,63031000.0,1548500.0,1728600.0,368000.0,23080000.0,
2018-11-25 00:00:00+00:00,1623054.0,1366234.0,7992028.0,3131000.0,2227100.0,1672441.0,454200.0,3656264.0,10446.0,8197.0,300080.0,,61132000.0,1511271.0,1698200.0,375000.0,22211000.0,
2018-12-02 00:00:00+00:00,1563081.0,1305801.0,8084888.0,3100000.0,2232914.0,1659694.0,440320.0,3578689.0,9320.0,8854.0,283920.0,,59451000.0,1590057.0,1651400.0,371000.0,21649000.0,
2018-12-09 00:00:00+00:00,1492987.0,1244155.0,8104824.0,3000000.0,2230364.0,1641596.0,437780.0,3439210.0,9524.0,9062.0,279330.0,,56906000.0,1587443.0,1598400.0,368000.0,20619000.0,
2018-12-16 00:00:00+00:00,1383749.0,1191162.0,8153074.0,2880000.0,2085932.0,1653049.0,423120.0,3318241.0,7388.0,6492.0,279990.0,,56960000.0,1531314.0,1540200.0,355000.0,19461000.0,
2018-12-23 00:00:00+00:00,1391960.0,1162859.0,8192252.0,2774000.0,2164121.0,1667001.0,455400.0,3236505.0,10736.0,7304.0,280140.0,,55465000.0,1569714.0,1517400.0,356000.0,18662000.0,
2018-12-30 00:00:00+00:00,1412194.0,1123346.0,8127468.0,2736000.0,2186488.0,1660317.0,436360.0,3036299.0,11183.0,7958.0,280280.0,,51526000.0,1555900.0,1498200.0,368000.0,18035000.0,
2019-01-06 00:00:00+00:00,1372937.0,1082386.0,8006637.0,2667000.0,2055622.0,1643629.0,404220.0,2704739.0,8312.0,8231.0,262420.0,,49910000.0,1532314.0,1447800.0,345000.0,17301000.0,
2019-01-13 00:00:00+00:00,1326312.0,1059075.0,7877846.0,2571000.0,1931241.0,1639397.0,403180.0,2593794.0,9608.0,9372.0,228240.0,,47504000.0,1511786.0,1431300.0,345000.0,16239000.0,
2019-01-20 00:00:00+00:00,1176602.0,1162169.0,7802152.0,2413000.0,1750281.0,1728726.0,371460.0,2490190.0,8396.0,9020.0,212410.0,,44553000.0,1472786.0,1413500.0,317000.0,15003000.0,
2019-01-27 00:00:00+00:00,1077808.0,1247634.0,8079559.0,2305000.0,1591274.0,1923831.0,507000.0,2473671.0,10515.0,9437.0,267910.0,,41731000.0,1442157.0,1406200.0,288000.0,13793000.0,
2019-02-03 00:00:00+00:00,1004592.0,1252695.0,8546223.0,2240000.0,1474810.0,2063976.0,674690.0,2517152.0,10440.0,8762.0,269703.0,,39352000.0,1518686.0,1400200.0,307000.0,12848000.0,
2019-02-10 00:00:00+00:00,929553.0,1216014.0,8771392.0,2180000.0,1446619.0,2136291.0,680940.0,2469445.0,10510.0,8625.0,267914.0,,37714000.0,1603571.0,1403300.0,311000.0,12065000.0,
2019-02-17 00:00:00+00:00,862072.0,1204915.0,8866543.0,2094000.0,1319494.0,2149013.0,668400.0,2392672.0,9810.0,7264.0,248453.0,,36332000.0,1650986.0,1387900.0,306000.0,11207000.0,
2019-02-24 00:00:00+00:00,794181.0,1170349.0,8865013.0,1983000.0,1227480.0,2153383.0,661610.0,2313400.0,9033.0,8093.0,225538.0,,35024000.0,1667871.0,1393500.0,283000.0,10463000.0,
2019-03-03 00:00:00+00:00,748352.0,1150921.0,8911638.0,1893000.0,1161979.0,2181677.0,657760.0,2254138.0,9550.0,7202.0,214900.0,,33321000.0,1661229.0,1422200.0,290000.0,9690000.0,
2019-03-10 00:00:00+00:00,709164.0,1176933.0,9087423.0,1791000.0,1157528.0,2237243.0,663290.0,2223447.0,9806.0,5847.0,220248.0,,31545000.0,1697700.0,1477600.0,301000.0,8711000.0,
2019-03-17 00:00:00+00:00,651259.0,1224967.0,9072753.0,1752000.0,1135050.0,2286880.0,681840.0,2223185.0,9297.0,5075.0,228168.0,,30412000.0,1737386.0,1535000.0,296000.0,7993000.0,
2019-03-24 00:00:00+00:00,594518.0,1263683.0,9021714.0,1674000.0,1064149.0,2331711.0,684910.0,2224171.0,395.0,4366.0,235003.0,,29912000.0,1737657.0,1588900.0,280000.0,7518000.0,
2019-03-31 00:00:00+00:00,541928.0,1297249.0,8929867.0,1604000.0,984486.0,2365656.0,691860.0,2213155.0,7713.0,6165.0,236445.0,,30123000.0,3451343.0,1645300.0,287000.0,6906000.0,
2019-04-07 00:00:00+00:00,457413.0,1381822.0,8866221.0,1560000.0,932025.0,2423103.0,761780.0,2226789.0,7580.0,6156.0,263397.0,,28433000.0,1769129.0,1747700.0,310000.0,6123000.0,2600.0
2019-04-14 00:00:00+00:00,405422.0,1448177.0,8991028.0,1597000.0,921232.0,2520073.0,774310.0,2238218.0,7771.0,5543.0,282045.0,,27180000.0,1802886.0,1800300.0,327000.0,5697000.0,2600.0
2019-04-21 00:00:00+00:00,448854.0,1499549.0,9241342.0,1999000.0,1004280.0,2575099.0,771170.0,2235118.0,10150.0,2661.0,301043.0,,30738000.0,1912371.0,1882700.0,420000.0,7650000.0,2600.0
2019-04-28 00:00:00+00:00,451052.0,1566764.0,9617996.0,2487000.0,1112875.0,2620500.0,772550.0,2385351.0,10359.0,2615.0,331052.0,,34657000.0,1994357.0,2058400.0,375000.0,10050000.0,2600.0
2019-05-05 00:00:00+00:00,420343.0,1596943.0,9839298.0,2853000.0,1130279.0,2650887.0,794970.0,2415405.0,7946.0,2730.0,361366.0,,34793000.0,2025400.0,2252400.0,398000.0,11201000.0,2600.0
2019-05-12 00:00:00+00:00,404278.0,1644558.0,9909196.0,3399000.0,1254728.0,2690027.0,848620.0,2447059.0,9897.0,2919.0,373967.0,,36245000.0,2037600.0,2358000.0,410000.0,12601000.0,2600.0
2019-05-19 00:00:00+00:00,425504.0,1702848.0,9927860.0,3566000.0,1324928.0,2705574.0,870460.0,2592740.0,9260.0,2204.0,387567.0,,43215000.0,2004029.0,2623900.0,419000.0,15331000.0,2600.0
2019-05-26 00:00:00+00:00,508035.0,1752207.0,9891188.0,3730000.0,1481998.0,2700681.0,983570.0,2765628.0,10567.0,2561.0,411960.0,,45417000.0,2003057.0,2750100.0,424000.0,17171000.0,2600.0
2019-06-02 00:00:00+00:00,633327.0,1768678.0,9813065.0,3817000.0,1701147.0,2687381.0,958310.0,2922566.0,9251.0,2251.0,410410.0,,51500000.0,2002800.0,2825300.0,450000.0,19835000.0,2600.0
2019-06-09 00:00:00+00:00,891204.0,1762926.0,9712119.0,3877000.0,1959725.0,2664170.0,982320.0,3356910.0,10456.0,4702.0,408430.0,,55908000.0,2018343.0,2826000.0,457000.0,22379000.0,2600.0
2019-06-16 00:00:00+00:00,1151153.0,1726451.0,9590801.0,3905000.0,2172242.0,2625516.0,960300.0,3699271.0,10877.0,6566.0,402175.0,,59153000.0,2009271.0,2819100.0,452000.0,24248000.0,2600.0
2019-06-23 00:00:00+00:00,1333426.0,1704998.0,9422077.0,3896000.0,2394994.0,2570354.0,914220.0,3844951.0,9567.0,5468.0,388790.0,,61013000.0,1989371.0,2826500.0,451000.0,25300000.0,2600.0
2019-06-30 00:00:00+00:00,1456081.0,1688016.0,9194821.0,3892000.0,2572658.0,2501973.0,874980.0,4066554.0,9191.0,8868.0,366242.0,,62731000.0,1945186.0,2771600.0,448000.0,25945000.0,2600.0
2019-07-07 00:00:00+00:00,1516347.0,1681307.0,8965089.0,3832000.0,2673159.0,2427571.0,854030.0,4112154.0,8883.0,8220.0,357847.0,,62821000.0,1908971.0,2734200.0,443000.0,26124000.0,2600.0
2019-07-14 00:00:00+00:00,1525238.0,1677898.0,8724234.0,3758000.0,2690219.0,2383494.0,818030.0,4119959.0,8650.0,8084.0,347674.0,,63046000.0,1862214.0,2708400.0,443000.0,26084000.0,2600.0
2019-07-21 00:00:00+00:00,1572891.0,1655111.0,8415226.0,3656000.0,2697155.0,2331106.0,774360.0,4119282.0,8719.0,1792.0,328409.0,,64201000.0,1821386.0,2663500.0,437000.0,26231000.0,2600.0
2019-07-28 00:00:00+00:00,1695615.0,1618101.0,8130738.0,3531000.0,2742271.0,2239241.0,737110.0,4114254.0,8882.0,3707.0,316707.0,,64158000.0,1814614.0,2660000.0,448000.0,25937000.0,2600.0
2019-08-04 00:00:00+00:00,1746547.0,1595170.0,7910767.0,3454000.0,2749841.0,2145187.0,696070.0,4105847.0,8695.0,2862.0,303350.0,,63932000.0,1757643.0,2664000.0,463000.0,25669000.0,2600.0
2019-08-11 00:00:00+00:00,1808417.0,1559986.0,7706520.0,3434000.0,2762882.0,2058653.0,656850.0,4074133.0,9036.0,5485.0,291047.0,,65519000.0,1757800.0,2648200.0,468000.0,25864000.0,2600.0
2019-08-18 00:00:00+00:00,1853245.0,1531894.0,7515195.0,3383000.0,2777986.0,1979374.0,614760.0,4025899.0,9520.0,7241.0,274073.0,,67198000.0,1738657.0,2625300.0,461000.0,26044000.0,2600.0
2019-08-25 00:00:00+00:00,1870542.0,1500017.0,7325462.0,3321000.0,2760250.0,1898176.0,566400.0,3938394.0,9217.0,6422.0,248107.0,,68209000.0,1667571.0,2586000.0,438000.0,26104000.0,2600.0
2019-09-01 00:00:00+00:00,1853674.0,1474936.0,7109331.0,3246000.0,2718854.0,1829114.0,541050.0,3850573.0,9729.0,8468.0,218812.0,,69199000.0,1631700.0,2556500.0,425000.0,26376000.0,2600.0
2019-09-08 00:00:00+00:00,1869218.0,1456914.0,6907892.0,3156000.0,,1774203.0,522530.0,3788557.0,9090.0,9517.0,204623.0,,70572000.0,1613343.0,2525500.0,419000.0,26817000.0,2600.0
2019-09-15 00:00:00+00:00,1846058.0,1445419.0,6721584.0,3062000.0,2689334.0,1709124.0,493720.0,3659235.0,9118.0,7778.0,189072.0,,71892000.0,1547229.0,2478200.0,419000.0,27207000.0,2600.0
2019-09-22 00:00:00+00:00,1850987.0,1431683.0,6541441.0,2947000.0,2650572.0,1660243.0,477200.0,3496676.0,8852.0,7913.0,164058.0,,71544000.0,1505200.0,2426500.0,429000.0,27208000.0,
2019-09-29 00:00:00+00:00,1851101.0,1417809.0,6406922.0,2949000.0,2648638.0,1620804.0,444630.0,3372804.0,9880.0,9351.0,154753.0,,70810000.0,1419543.0,2385800.0,433000.0,27044000.0,2600.0
2019-10-06 00:00:00+00:00,1875628.0,1385018.0,6275794.0,2924000.0,2625151.0,1593529.0,408200.0,3358775.0,10198.0,9178.0,147358.0,,70473000.0,1354229.0,2331500.0,432000.0,26634000.0,2600.0
2019-10-13 00:00:00+00:00,1878607.0,1370412.0,6219253.0,2916000.0,2649054.0,1559617.0,381930.0,3317804.0,10670.0,8909.0,139219.0,,70183000.0,1385343.0,2291100.0,423000.0,26270000.0,2600.0
2019-10-20 00:00:00+00:00,1870986.0,1360997.0,6284356.0,3001000.0,2771196.0,1528351.0,363070.0,3496510.0,9011.0,8904.0,135077.0,,70613000.0,1368914.0,2240800.0,407000.0,26315000.0,2600.0
2019-10-27 00:00:00+00:00,1871050.0,1334549.0,6356816.0,3011000.0,2851394.0,1497306.0,315930.0,3570899.0,10867.0,7611.0,133298.0,,69470000.0,,2186700.0,387000.0,25846000.0,2600.0
2019-11-03 00:00:00+00:00,1875843.0,1331393.0,6430248.0,2971000.0,2986771.0,1509176.0,409700.0,3565581.0,9974.0,7887.0,260825.0,,66912000.0,1346114.0,2179400.0,398000.0,24884000.0,2600.0
2019-11-10 00:00:00+00:00,1814659.0,1331565.0,6710769.0,3016000.0,2954760.0,1569136.0,587240.0,3605834.0,10460.0,8156.0,360137.0,,64716000.0,1422800.0,2190300.0,404000.0,24177000.0,2600.0
2019-11-17 00:00:00+00:00,1763652.0,1363271.0,7183697.0,3066000.0,2792032.0,1615539.0,726770.0,3641823.0,10351.0,7899.0,403839.0,,62881000.0,1469071.0,2203800.0,413000.0,23667000.0,2600.0
2019-11-24 00:00:00+00:00,1719248.0,1389109.0,7619887.0,3115000.0,2815568.0,1706749.0,769060.0,3584183.0,9891.0,8600.0,416744.0,,60700000.0,1511371.0,2190600.0,408000.0,22921000.0,2600.0
2019-12-01 00:00:00+00:00,1650410.0,1380340.0,8093412.0,3152000.0,2815166.0,1771210.0,776580.0,3453395.0,10772.0,8275.0,427532.0,,59558000.0,1694471.0,2137500.0,382000.0,22429000.0,2600.0
2019-12-08 00:00:00+00:00,1568352.0,1383728.0,8160557.0,3179000.0,2657645.0,1829236.0,818860.0,3313876.0,9042.0,9510.0,428796.0,,58252000.0,1822871.0,2110400.0,372000.0,21817000.0,2600.0
2019-12-15 00:00:00+00:00,1527181.0,1384397.0,8628229.0,3178000.0,2652638.0,1926080.0,896810.0,3248640.0,9350.0,6794.0,416096.0,,56416000.0,1809314.0,2087200.0,378000.0,21044000.0,2600.0
2019-12-22 00:00:00+00:00,1564023.0,1392159.0,9450499.0,3197000.0,2804309.0,2105164.0,997630.0,3283708.0,9413.0,4629.0,448435.0,,54889000.0,2147214.0,2122800.0,401000.0,20385000.0,2600.0
2019-12-29 00:00:00+00:00,1570578.0,1376201.0,9522998.0,3235000.0,2780215.0,2126176.0,970160.0,3290402.0,12217.0,2862.0,431295.0,,55741000.0,2481857.0,2099800.0,404000.0,20727000.0,2600.0
2020-01-05 00:00:00+00:00,1533996.0,1380180.0,9753093.0,3258000.0,2742325.0,2124033.0,924660.0,3127104.0,10238.0,3686.0,404753.0,,55494000.0,2403771.0,2019500.0,404000.0,20546000.0,2600.0
2020-01-12 00:00:00+00:00,1426254.0,1379576.0,9921851.0,3262000.0,2652974.0,2116300.0,864360.0,2982378.0,9272.0,4205.0,370849.0,,54438000.0,2305786.0,1923200.0,359000.0,20092000.0,2600.0
2020-01-19 00:00:00+00:00,1273793.0,1387175.0,9950225.0,3241000.0,2426891.0,2103063.0,824010.0,2857100.0,9747.0,3937.0,339163.0,,53991000.0,2252286.0,1847200.0,337000.0,19893000.0,2600.0
2020-01-26 00:00:00+00:00,1156977.0,1392324.0,10148824.0,3237000.0,2194236.0,2101504.0,792520.0,2761989.0,8568.0,3722.0,331887.0,,52480000.0,2234714.0,1784600.0,337000.0,19415000.0,2600.0
2020-02-02 00:00:00+00:00,1153654.0,1373414.0,10445314.0,3153000.0,2214084.0,2106297.0,757850.0,2663254.0,8242.0,3635.0,325708.0,,50560000.0,2302414.0,1810500.0,345000.0,18612000.0,
2020-02-09 00:00:00+00:00,1137108.0,1384644.0,10452323.0,3094000.0,2174132.0,2127881.0,728610.0,2591666.0,8298.0,3276.0,309088.0,,49178000.0,2393700.0,1790000.0,338000.0,17849000.0,2600.0
2020-02-16 00:00:00+00:00,1086259.0,1391389.0,10406929.0,3065000.0,2116585.0,2148316.0,695570.0,2507106.0,8808.0,3964.0,288583.0,,48345000.0,2337057.0,1753000.0,340000.0,17188000.0,2600.0
2020-02-23 00:00:00+00:00,1062706.0,1411395.0,10318969.0,2969000.0,2008603.0,2158830.0,653740.0,2432371.0,8267.0,4158.0,269656.0,,45962000.0,2278857.0,1718200.0,341000.0,16056000.0,2600.0
2020-03-01 00:00:00+00:00,1015282.0,1455141.0,10393202.0,2867000.0,1864482.0,2182966.0,737660.0,2330923.0,9211.0,4439.0,322839.0,,43439000.0,2208667.0,1744300.0,372000.0,14897000.0,2600.0
2020-03-08 00:00:00+00:00,961767.0,1571544.0,10701985.0,2757000.0,1816423.0,2245693.0,749580.0,2306813.0,9273.0,3934.0,327715.0,,41581000.0,2283286.0,1800600.0,412000.0,13942000.0,2600.0
2020-03-15 00:00:00+00:00,931444.0,1600109.0,10818085.0,2624000.0,1779274.0,2273650.0,729840.0,2301744.0,9394.0,2562.0,325986.0,,39454000.0,2300229.0,1815500.0,432000.0,12836000.0,2600.0
2020-03-22 00:00:00+00:00,862319.0,1615552.0,10970564.0,2470000.0,1763973.0,2305520.0,717650.0,2308465.0,417.0,2249.0,322093.0,,37347000.0,2295357.0,1840300.0,451000.0,11785000.0,2600.0
2020-03-29 00:00:00+00:00,738395.0,1651054.0,11022385.0,2301000.0,1614814.0,2378903.0,710990.0,2344283.0,8393.0,3680.0,315502.0,,35165000.0,4567000.0,1817200.0,478000.0,10848000.0,2600.0
2020-04-05 00:00:00+00:00,665637.0,1748300.0,11312209.0,2183000.0,1513412.0,2513221.0,697170.0,2386071.0,10251.0,4099.0,315067.0,,33515000.0,2309400.0,1808700.0,488000.0,9989000.0,2600.0
2020-04-12 00:00:00+00:00,684287.0,1778543.0,11658137.0,2095000.0,1551504.0,2562726.0,683760.0,2435944.0,9646.0,5617.0,321009.0,,32247000.0,2444000.0,1802200.0,490000.0,9273000.0,2600.0
2020-04-19 00:00:00+00:00,721438.0,1808201.0,12134569.0,2076000.0,1670557.0,2601481.0,672190.0,2536276.0,8900.0,2963.0,327560.0,,31285000.0,2531057.0,1817800.0,490000.0,9042000.0,2600.0
2020-04-26 00:00:00+00:00,708383.0,1838761.0,12486925.0,2047000.0,1740867.0,2634484.0,670420.0,2689170.0,9564.0,2655.0,337588.0,,29842000.0,2557543.0,1848300.0,539000.0,8817000.0,2600.0
2020-05-03 00:00:00+00:00,708108.0,1855724.0,12825077.0,2174000.0,1977501.0,2647967.0,652290.0,2800064.0,9278.0,2930.0,350531.0,,28684000.0,2598514.0,1896000.0,555000.0,8735000.0,2600.0
2020-05-10 00:00:00+00:00,770601.0,1902598.0,12887878.0,2409000.0,2184713.0,2643027.0,635770.0,3015455.0,10075.0,3030.0,355771.0,,27462000.0,2579957.0,1972200.0,569000.0,8453000.0,2600.0
2020-05-17 00:00:00+00:00,844063.0,1929470.0,12983647.0,2754000.0,2355412.0,2623071.0,605750.0,3293225.0,9572.0,2676.0,359101.0,,27421000.0,2561414.0,2057000.0,562000.0,8655000.0,2600.0
2020-05-24 00:00:00+00:00,923587.0,1951644.0,13000919.0,3499000.0,2576537.0,2591603.0,578710.0,3416423.0,10513.0,2574.0,361676.0,,31201000.0,2526029.0,2113400.0,544000.0,10943000.0,2600.0
2020-05-31 00:00:00+00:00,932650.0,1966053.0,12884805.0,3865000.0,2698730.0,2547303.0,555250.0,3505076.0,9236.0,1775.0,359699.0,,38653000.0,2501057.0,2155100.0,528000.0,15082000.0,2600.0
2020-06-07 00:00:00+00:00,1011564.0,1984856.0,12734095.0,3986000.0,2775806.0,2501621.0,546400.0,3691662.0,7797.0,2019.0,363631.0,,46512000.0,2489486.0,2241100.0,512000.0,18707000.0,
2020-06-14 00:00:00+00:00,1122407.0,2000952.0,12647900.0,3982000.0,2837466.0,2444034.0,533840.0,3756357.0,8156.0,2602.0,364374.0,,55765000.0,2433957.0,2437500.0,511000.0,21824000.0,2600.0
2020-06-21 00:00:00+00:00,1180014.0,2014385.0,12457241.0,3901000.0,2854415.0,2388387.0,518310.0,3781221.0,8080.0,2200.0,364461.0,,63779000.0,2378986.0,2650900.0,557000.0,24193000.0,2600.0
2020-06-28 00:00:00+00:00,1309394.0,1996504.0,12209124.0,4027000.0,2972388.0,2310389.0,499900.0,3956998.0,9860.0,4574.0,355309.0,,68023000.0,2326143.0,2701700.0,574000.0,25683000.0,2600.0
2020-07-05 00:00:00+00:00,1457304.0,1995158.0,11962484.0,4099000.0,3064947.0,2262883.0,487210.0,4021252.0,10245.0,5529.0,347031.0,,70082000.0,2289714.0,2739700.0,584000.0,26369000.0,2600.0
2020-07-12 00:00:00+00:00,1518133.0,1983518.0,11748175.0,4072000.0,3087938.0,2201184.0,478000.0,3991002.0,8559.0,4825.0,332347.0,,72503000.0,2249057.0,2769800.0,581000.0,27014000.0,2600.0
2020-07-19 00:00:00+00:00,1570448.0,1962838.0,11502495.0,4130000.0,3088372.0,2121997.0,465620.0,3942383.0,9218.0,6264.0,321347.0,,74301000.0,2205786.0,2849800.0,584000.0,28411000.0,2600.0
2020-07-26 00:00:00+00:00,1631195.0,1915996.0,11141120.0,4128000.0,3100546.0,2036714.0,443810.0,3923114.0,8137.0,5207.0,302293.0,,77861000.0,2168143.0,2844100.0,584000.0,29398000.0,2600.0
2020-08-02 00:00:00+00:00,1728887.0,1895656.0,10709340.0,4104000.0,3062108.0,1962024.0,435110.0,3846485.0,7951.0,4454.0,294186.0,,79170000.0,2149543.0,2795200.0,584000.0,29676000.0,2600.0
2020-08-09 00:00:00+00:00,1749681.0,1872773.0,10366823.0,4002000.0,3013309.0,1906969.0,416410.0,3854953.0,8514.0,6020.0,281348.0,,79034000.0,2105271.0,2762900.0,593000.0,29297000.0,2600.0
2020-08-16 00:00:00+00:00,1770731.0,1853578.0,10072905.0,3893000.0,2986398.0,1843071.0,412270.0,3807057.0,8418.0,4035.0,270529.0,,79517000.0,2094186.0,2744100.0,591000.0,28821000.0,2600.0
2020-08-23 00:00:00+00:00,1787368.0,1826122.0,9705841.0,3804000.0,2955316.0,1783669.0,388610.0,3825828.0,8814.0,4365.0,258418.0,,79325000.0,2068171.0,2718400.0,577000.0,28217000.0,2600.0
2020-08-30 00:00:00+00:00,1889601.0,1805355.0,9363826.0,3716000.0,2975651.0,1715489.0,370410.0,,8655.0,6245.0,240877.0,,78874000.0,2044271.0,2671500.0,551000.0,27626000.0,2600.0
2020-09-06 00:00:00+00:00,1881744.0,1781450.0,9079685.0,3667000.0,2929369.0,1659656.0,359980.0,3755156.0,8967.0,7016.0,225418.0,,80132000.0,2013371.0,2644000.0,553000.0,27426000.0,2600.0
2020-09-13 00:00:00+00:00,1827376.0,1755506.0,8792826.0,3714000.0,2855432.0,1645149.0,347090.0,3610980.0,8717.0,6810.0,208453.0,,80954000.0,1990171.0,2575200.0,562000.0,27439000.0,2600.0
2020-09-20 00:00:00+00:00,1813661.0,1725457.0,8554046.0,3750000.0,2821249.0,1710940.0,338350.0,3511266.0,9918.0,6299.0,201878.0,,81881000.0,1969886.0,2497900.0,554000.0,28350000.0,2600.0
2020-09-27 00:00:00+00:00,1817463.0,1707801.0,8407927.0,3731000.0,2801270.0,1709749.0,369780.0,3575840.0,8760.0,5445.0,217077.0,,82059000.0,1934443.0,2488400.0,561000.0,28455000.0,2600.0
2020-10-04 00:00:00+00:00,1884485.0,1696007.0,8345466.0,3736000.0,2964842.0,1684219.0,365550.0,3720602.0,10068.0,5095.0,232218.0,,82636000.0,1913700.0,2494900.0,565000.0,28977000.0,2600.0
2020-10-11 00:00:00+00:00,1901884.0,1689513.0,8253016.0,3739000.0,3019708.0,1688014.0,455620.0,3666317.0,8823.0,6706.0,314756.0,,81294000.0,1841029.0,2519500.0,558000.0,29092000.0,2600.0
2020-10-18 00:00:00+00:00,1868049.0,1675447.0,8224358.0,3789000.0,2956736.0,1692487.0,464840.0,3604714.0,399.0,5736.0,331875.0,,80630000.0,1758986.0,2482300.0,569000.0,28901000.0,2600.0
2020-10-25 00:00:00+00:00,1875010.0,1670887.0,8440297.0,3958000.0,3041148.0,1676901.0,474860.0,3640905.0,5023.0,7174.0,331257.0,,80711000.0,,2461500.0,574000.0,29087000.0,2600.0
2020-11-01 00:00:00+00:00,1901278.0,1670409.0,8534366.0,4104000.0,3088786.0,1656470.0,460120.0,3602464.0,9629.0,5852.0,311744.0,,82422000.0,1759086.0,2436000.0,576000.0,30435000.0,2600.0
2020-11-08 00:00:00+00:00,1844820.0,1639576.0,8602562.0,4105000.0,3035130.0,1624097.0,431350.0,3519272.0,8329.0,5381.0,276864.0,,81590000.0,1697914.0,2367700.0,567000.0,30343000.0,2600.0
2020-11-15 00:00:00+00:00,1771305.0,1612584.0,8582863.0,4210000.0,3012185.0,1591729.0,455490.0,3415110.0,9319.0,6125.0,247571.0,,83251000.0,1703557.0,2300100.0,551000.0,30498000.0,2600.0
2020-11-22 00:00:00+00:00,1646477.0,1583511.0,8494958.0,4244000.0,2929262.0,1563906.0,439630.0,3325664.0,9114.0,6568.0,209192.0,,82282000.0,1640943.0,2186200.0,520000.0,29971000.0,2600.0
2020-11-29 00:00:00+00:00,1484928.0,1551067.0,8372287.0,4236000.0,2674858.0,1518616.0,535840.0,3284366.0,8780.0,5944.0,175950.0,,80219000.0,1579729.0,2097700.0,480000.0,29294000.0,2600.0
2020-12-06 00:00:00+00:00,1363739.0,1598220.0,8486186.0,4194000.0,2521048.0,1576123.0,784890.0,3368023.0,8558.0,4644.0,200992.0,,77675000.0,1530757.0,2024500.0,480000.0,28376000.0,2600.0
2020-12-13 00:00:00+00:00,1244037.0,1599804.0,8925312.0,4171000.0,2454326.0,1667327.0,773800.0,3316442.0,8871.0,6869.0,186475.0,,75794000.0,1553929.0,1942000.0,460000.0,27612000.0,2600.0
2020-12-20 00:00:00+00:00,1198183.0,1599053.0,9231297.0,4211000.0,2473628.0,1677529.0,758000.0,3244488.0,9647.0,4174.0,187229.0,,74201000.0,1641075.0,1902900.0,468000.0,26965000.0,2600.0
2020-12-27 00:00:00+00:00,1192861.0,1652880.0,9415749.0,4210000.0,2532396.0,1773210.0,911650.0,3270448.0,10995.0,,311763.0,,71590000.0,1759571.0,1917400.0,501000.0,,2600.0
2021-01-03 00:00:00+00:00,1117055.0,1744250.0,9385531.0,4131000.0,2407326.0,2034666.0,1006600.0,3208963.0,9392.0,6485.0,365226.0,,68216000.0,1784471.0,1932400.0,523000.0,24806000.0,2600.0
2021-01-10 00:00:00+00:00,1007379.0,1931391.0,9026169.0,4011000.0,2081829.0,2414943.0,987580.0,3117284.0,9024.0,6062.0,374921.0,,64866000.0,1723686.0,1885200.0,549000.0,23605000.0,2600.0
2021-01-17 00:00:00+00:00,952429.0,1904207.0,9366925.0,3917000.0,1924342.0,2424524.0,1001300.0,3011527.0,6649.0,6299.0,343888.0,,62240000.0,1704571.0,1823700.0,514000.0,22596000.0,2600.0
2021-01-24 00:00:00+00:00,899576.0,1915834.0,9366925.0,3796000.0,1772556.0,2598353.0,1079980.0,2982901.0,8939.0,6900.0,402407.0,,58446000.0,1720743.0,1772300.0,510000.0,21232000.0,2600.0
2021-01-31 00:00:00+00:00,853281.0,1978586.0,10269799.0,3627000.0,1859154.0,2729143.0,1132040.0,2886318.0,9744.0,6248.0,427172.0,,55336000.0,1968114.0,1746000.0,518000.0,19846000.0,2600.0
2021-02-07 00:00:00+00:00,748222.0,2003852.0,12156166.0,3432000.0,1726279.0,2745673.0,1281270.0,2831034.0,9636.0,5030.0,496842.0,,51903563.0,2145786.0,1804300.0,533000.0,18499000.0,2600.0
2021-02-14 00:00:00+00:00,666611.0,1947172.0,12156166.0,3272000.0,1533892.0,2702649.0,1280250.0,2709823.0,9866.0,6671.0,468775.0,,48977226.0,2485514.0,1770600.0,533000.0,17223000.0,2600.0
2021-02-21 00:00:00+00:00,611769.0,1923776.0,12682828.0,3149670.0,1515570.0,2626079.0,1234660.0,2591988.0,10820.0,7094.0,410050.0,,47937486.0,2593229.0,1753000.0,530000.0,16292000.0,2600.0
2021-02-28 00:00:00+00:00,534981.0,1876097.0,12602854.0,3019940.0,1386764.0,2588459.0,1170710.0,2470744.0,8421.0,5947.0,365963.0,,45985259.0,2634829.0,1744600.0,514000.0,15521000.0,2600.0
2021-03-07 00:00:00+00:00,454595.0,1813677.0,12602854.0,2837430.0,1176034.0,2594346.0,1120900.0,2362042.0,9805.0,6248.0,325898.0,,43819163.0,2603143.0,1708600.0,503000.0,14460000.0,2600.0
2021-03-14 00:00:00+00:00,401931.0,1764102.0,12507948.0,2669970.0,1154107.0,2624674.0,1084180.0,2262471.0,8940.0,5750.0,299759.0,,41202377.0,2580657.0,1708900.0,502000.0,13484000.0,2600.0
2021-03-21 00:00:00+00:00,349156.0,1729130.0,12373271.0,2526730.0,994654.0,2743769.0,1028790.0,2205432.0,9719.0,3103.0,262405.0,,39539539.0,2589657.0,1692900.0,488000.0,12876000.0,2600.0
2021-03-28 00:00:00+00:00,328343.0,1720344.0,12137668.0,2489080.0,961615.0,2781333.0,998550.0,2177522.0,9896.0,5740.0,248233.0,,39929876.0,5029858.0,1741100.0,513000.0,12575000.0,
2021-04-04 00:00:00+00:00,316830.0,1749291.0,12000960.0,2494370.0,998746.0,2844983.0,939690.0,2196030.0,9910.0,4852.0,245768.0,,38710441.0,2494143.0,1755000.0,528000.0,11990000.0,2600.0
2021-04-11 00:00:00+00:00,275505.0,1740218.0,11756650.0,2480230.0,917246.0,2869503.0,907340.0,2138508.0,8809.0,3828.0,247899.0,,36410653.0,2435557.0,1783000.0,512000.0,11211000.0,2600.0
2021-04-18 00:00:00+00:00,269440.0,1752153.0,11503922.0,2659820.0,874649.0,2874471.0,862330.0,2106126.0,9338.0,3437.0,243332.0,,34833740.0,2406100.0,1840600.0,517000.0,11204000.0,2600.0
2021-04-25 00:00:00+00:00,292186.0,1761652.0,11313372.0,2813750.0,940614.0,2928179.0,864330.0,2136963.0,7821.0,2998.0,263423.0,,32470945.0,2441743.0,1962400.0,528000.0,10632000.0,2600.0
2021-05-02 00:00:00+00:00,321166.0,1830847.0,11235497.0,2933000.0,1047965.0,2949926.0,840580.0,2224786.0,9047.0,3632.0,300376.0,,30736708.0,2429086.0,2183500.0,561000.0,10189000.0,2600.0
2021-05-09 00:00:00+00:00,354573.0,1851333.0,11206561.0,3368040.0,1231647.0,2949653.0,787440.0,2369558.0,10630.0,3738.0,321951.0,,32868956.0,2458271.0,2339300.0,571000.0,11749000.0,2600.0
2021-05-16 00:00:00+00:00,379549.0,1873827.0,11268445.0,4136210.0,1413451.0,2933636.0,756790.0,2476447.0,9219.0,3423.0,338635.0,,36874575.0,2509171.0,2459800.0,577000.0,15826000.0,2600.0
2021-05-23 00:00:00+00:00,411966.0,1923546.0,11238136.0,4435490.0,1509465.0,2896424.0,722460.0,2511966.0,7309.0,2914.0,318927.0,,41152113.0,2474829.0,2564400.0,587000.0,18286000.0,2600.0
2021-05-30 00:00:00+00:00,433519.0,1961633.0,11052279.0,4487460.0,1628356.0,2848443.0,699260.0,2665591.0,7472.0,2263.0,362200.0,,46162040.0,2415314.0,2612000.0,587000.0,20481000.0,2600.0
2021-06-06 00:00:00+00:00,548224.0,2013073.0,10912561.0,4442360.0,1803076.0,2809117.0,679520.0,2879527.0,6124.0,2226.0,363021.0,,50903895.0,2367900.0,2640100.0,593000.0,22736000.0,2600.0
2021-06-13 00:00:00+00:00,738921.0,2041058.0,10722206.0,4401290.0,2002076.0,2784746.0,657240.0,3071905.0,8414.0,2649.0,363021.0,,55001275.0,2315943.0,2723500.0,608000.0,24103000.0,2600.0
2021-06-20 00:00:00+00:00,960466.0,2025274.0,10560103.0,4468870.0,2183321.0,2732103.0,627170.0,3311711.0,7781.0,3110.0,344691.0,,56992323.0,2302829.0,2746600.0,580000.0,24963000.0,2600.0
2021-06-27 00:00:00+00:00,1091048.0,1987616.0,10358992.0,4351190.0,2310252.0,2634616.0,594330.0,3437892.0,7971.0,4941.0,335278.0,,57533640.0,2262486.0,2805400.0,544000.0,24833000.0,2600.0
2021-07-04 00:00:00+00:00,1200078.0,1961838.0,9995849.0,4191590.0,2349488.0,2537830.0,570330.0,3472173.0,9004.0,4747.0,326533.0,,59205213.0,2218614.0,2789900.0,518000.0,24870000.0,2600.0
2021-07-11 00:00:00+00:00,1362001.0,1932139.0,9598298.0,4018450.0,2463983.0,2439319.0,550830.0,3594350.0,8434.0,5485.0,313612.0,,59663535.0,2170743.0,2756100.0,483000.0,24833000.0,2600.0
2021-07-18 00:00:00+00:00,1527934.0,1908114.0,9194704.0,3881630.0,2538196.0,2351654.0,534450.0,3598387.0,9691.0,6074.0,306682.0,,59939003.0,2103829.0,2776200.0,483000.0,24794000.0,2600.0
2021-07-25 00:00:00+00:00,1618035.0,1869167.0,8852855.0,3812340.0,2549423.0,2248851.0,505820.0,3597507.0,8933.0,6534.0,283343.0,,60675291.0,2035500.0,2743300.0,497000.0,24526000.0,2600.0
2021-08-01 00:00:00+00:00,1745758.0,1826619.0,8477701.0,3839930.0,2607829.0,2100217.0,483150.0,3622011.0,8605.0,7959.0,257791.0,,59962500.0,1983586.0,2716800.0,508000.0,23946000.0,2600.0
2021-08-08 00:00:00+00:00,1809100.0,1786061.0,8107387.0,3840100.0,2658935.0,1989261.0,444330.0,3656351.0,9745.0,8412.0,240956.0,,59566382.0,1906757.0,2686900.0,494000.0,23566000.0,2600.0
2021-08-15 00:00:00+00:00,1813131.0,1752539.0,7728542.0,3881110.0,2655591.0,1908754.0,410080.0,3577435.0,9059.0,9284.0,225395.0,,59207451.0,1874529.0,2643900.0,493000.0,23939000.0,2600.0
2021-08-22 00:00:00+00:00,1808115.0,1718889.0,7373652.0,3857880.0,2612909.0,1834389.0,381130.0,3444990.0,8271.0,8074.0,223203.0,,58342518.0,1848925.0,2605100.0,493000.0,23987000.0,2600.0
2021-08-29 00:00:00+00:00,1781623.0,1689381.0,7047190.0,3733870.0,2537592.0,1765827.0,350020.0,3259127.0,9467.0,9508.0,212929.0,,57363294.0,1794850.0,2604000.0,475000.0,23839000.0,2600.0
2021-09-05 00:00:00+00:00,1748458.0,1658256.0,6783967.0,3646030.0,2471418.0,1712784.0,327420.0,3161635.0,9355.0,8591.0,198823.0,,56804399.0,1744743.0,2585700.0,467000.0,23837000.0,2600.0
2021-09-12 00:00:00+00:00,1725763.0,1624586.0,6577502.0,3647910.0,2394175.0,1667461.0,310470.0,3099562.0,9301.0,8636.0,185220.0,,55407541.0,1715400.0,2538000.0,452000.0,23362000.0,2600.0
2021-09-19 00:00:00+00:00,1770991.0,1588793.0,6433671.0,3584290.0,2361161.0,1614879.0,294800.0,3088420.0,10206.0,9250.0,178895.0,,55047555.0,1705943.0,2473000.0,426000.0,23318000.0,2600.0
2021-09-26 00:00:00+00:00,1765433.0,1560129.0,6314146.0,3538380.0,2330764.0,1572029.0,278140.0,3001807.0,9720.0,9954.0,170208.0,,56445655.0,1661143.0,2430800.0,424000.0,23711000.0,2600.0
2021-10-03 00:00:00+00:00,1782655.0,1531850.0,6211446.0,3563360.0,2373290.0,1542964.0,277720.0,3108077.0,9239.0,10377.0,159874.0,,58059418.0,1632771.0,2366100.0,431000.0,25074000.0,2600.0
2021-10-10 00:00:00+00:00,1765350.0,1583173.0,6132781.0,3651460.0,2385992.0,1569253.0,269620.0,3060785.0,9718.0,8839.0,145004.0,,59052506.0,1582657.0,2302800.0,407000.0,25892000.0,2600.0
2021-10-17 00:00:00+00:00,1729692.0,1610833.0,6017107.0,3738750.0,2356588.0,1602789.0,256140.0,2986852.0,9386.0,10546.0,128926.0,,59710464.0,1501100.0,2258900.0,408000.0,26116000.0,2600.0
2021-10-24 00:00:00+00:00,1716410.0,1595070.0,5955169.0,3806260.0,2291919.0,1588664.0,243100.0,2932073.0,8473.0,10371.0,118786.0,,62332993.0,1453443.0,2195600.0,382000.0,26666000.0,2600.0
2021-10-31 00:00:00+00:00,1717056.0,1576258.0,5998857.0,3946170.0,2349925.0,1583371.0,317040.0,2873496.0,11014.0,10217.0,123661.0,,63117993.0,,2148400.0,366000.0,27244000.0,2600.0
2021-11-07 00:00:00+00:00,1659182.0,1552508.0,6093301.0,3949390.0,2344289.0,1565527.0,387400.0,2871634.0,9810.0,9112.0,129436.0,,62363972.0,1520071.0,2133700.0,373000.0,27045000.0,2600.0
2021-11-14 00:00:00+00:00,1557858.0,1512518.0,6041398.0,3928460.0,2216776.0,1524993.0,408110.0,2779262.0,8690.0,8539.0,118441.0,,62246470.0,1439200.0,2080800.0,352000.0,26774000.0,2600.0
2021-11-21 00:00:00+00:00,1475039.0,1482907.0,5960429.0,3879820.0,2119853.0,1513156.0,446870.0,2767351.0,9433.0,9161.0,119248.0,,60272410.0,1336943.0,2021600.0,329000.0,26034000.0,2600.0
2021-11-28 00:00:00+00:00,1441692.0,1481596.0,5975308.0,3829100.0,2024972.0,1740009.0,635910.0,2776654.0,9351.0,9105.0,178925.0,,57512334.0,1252143.0,1977100.0,289000.0,24798000.0,2600.0
2021-12-05 00:00:00+00:00,1402617.0,1596321.0,6157103.0,3702150.0,2059628.0,2024340.0,809940.0,2831420.0,8746.0,7340.0,226107.0,,54360090.0,1209014.0,1970300.0,284000.0,23492000.0,2600.0
2021-12-12 00:00:00+00:00,1323892.0,1708038.0,6469940.0,3643560.0,2010670.0,2394741.0,842040.0,2830287.0,10438.0,9828.0,226051.0,,53123700.0,1230829.0,1962600.0,252000.0,22975000.0,2600.0
2021-12-19 00:00:00+00:00,1274576.0,1663069.0,6504027.0,3540990.0,1928190.0,2339970.0,882730.0,2807977.0,9350.0,7340.0,206400.0,,50620718.0,1149029.0,1945000.0,244000.0,21933000.0,2600.0
2021-12-26 00:00:00+00:00,1297334.0,1688067.0,6634460.0,3447460.0,2029801.0,2448557.0,1021700.0,2650006.0,9909.0,6104.0,255608.0,,48944611.0,1074486.0,1980300.0,250000.0,20849000.0,2600.0
2022-01-02 00:00:00+00:00,1311570.0,1687385.0,6946823.0,3323570.0,2152112.0,2408299.0,1023740.0,2522113.0,9689.0,9284.0,282983.0,,46632114.0,1166171.0,2043700.0,309000.0,19630000.0,2600.0
2022-01-09 00:00:00+00:00,1260206.0,1671102.0,7149220.0,3208780.0,2137089.0,2340049.0,989730.0,2462212.0,9389.0,8847.0,285519.0,,45418364.0,1131214.0,2026400.0,312000.0,19216000.0,2600.0
2022-01-16 00:00:00+00:00,1174620.0,1640893.0,7209468.0,3089970.0,1998118.0,2300851.0,964270.0,2388624.0,9904.0,8693.0,272633.0,,43951856.0,1110243.0,1977200.0,296000.0,18718000.0,2600.0
2022-01-23 00:00:00+00:00,1037006.0,1595092.0,7116328.0,2966540.0,1817029.0,2269183.0,906080.0,2195808.0,9591.0,9027.0,245370.0,,42768986.0,1048357.0,1904300.0,252000.0,18142000.0,2600.0
2022-01-30 00:00:00+00:00,962906.0,1569099.0,7003277.0,2823530.0,1747271.0,2272920.0,864420.0,2115744.0,9179.0,9699.0,314328.0,,40940859.0,1025371.0,1857500.0,211000.0,17101000.0,2600.0
2022-02-06 00:00:00+00:00,933635.0,1562058.0,6964737.0,2708320.0,1729375.0,2317173.0,837130.0,2034082.0,11035.0,9111.0,288519.0,,39219178.0,1029086.0,1822000.0,198000.0,16343000.0,2600.0
2022-02-13 00:00:00+00:00,879665.0,1549393.0,6930013.0,2619100.0,1697421.0,2363477.0,832060.0,1972757.0,11388.0,10038.0,300855.0,,37387327.0,1028671.0,1801400.0,210000.0,15273000.0,2600.0
2022-02-20 00:00:00+00:00,885628.0,1533720.0,6905883.0,2466590.0,1739794.0,2420374.0,834840.0,2135854.0,9716.0,8102.0,311048.0,,34977679.0,1041957.0,1782900.0,225000.0,14253000.0,2600.0
2022-02-27 00:00:00+00:00,807447.0,1499699.0,6817599.0,2302710.0,1604668.0,2481293.0,803720.0,2078922.0,8592.0,5433.0,183244.0,,32407202.0,1041671.0,1730200.0,210000.0,13208000.0,2600.0
2022-03-06 00:00:00+00:00,693482.0,1447378.0,6793423.0,2127630.0,1420843.0,2529609.0,764620.0,1839557.0,9747.0,6905.0,130390.0,,29964400.0,1021300.0,1647700.0,172000.0,12079000.0,2600.0
2022-03-13 00:00:00+00:00,639839.0,1405096.0,6880783.0,2025290.0,1375108.0,2546021.0,736800.0,1837814.0,8697.0,8092.0,130143.0,,27537587.0,1026457.0,1564500.0,159000.0,11200000.0,2600.0
2022-03-20 00:00:00+00:00,609961.0,1387830.0,7046049.0,1915720.0,1369050.0,2581229.0,712290.0,1850567.0,502.0,8020.0,119616.0,,25626680.0,1045400.0,1517500.0,159000.0,10607000.0,2600.0
2022-03-27 00:00:00+00:00,564987.0,1397210.0,7240210.0,1800010.0,1334846.0,2640946.0,768290.0,1850487.0,8958.0,7825.0,153217.0,,23652689.0,2122515.0,1578500.0,164000.0,9768000.0,2600.0
2022-04-03 00:00:00+00:00,542635.0,1431777.0,7339663.0,1745560.0,1197120.0,2787661.0,823320.0,1880822.0,10117.0,8613.0,186441.0,,21863546.0,1049086.0,1678900.0,194000.0,9122000.0,2600.0
2022-04-10 00:00:00+00:00,514814.0,1458138.0,7441893.0,1689690.0,1229508.0,2866949.0,839360.0,1910548.0,9670.0,8656.0,210794.0,,19847123.0,1094057.0,1781200.0,211000.0,8289000.0,2600.0
2022-04-17 00:00:00+00:00,473013.0,1503775.0,7656944.0,1844180.0,1338623.0,2920231.0,860350.0,1973753.0,10358.0,5241.0,238318.0,,19338843.0,1114300.0,1857900.0,227000.0,8332000.0,2600.0
2022-04-24 00:00:00+00:00,403187.0,1582983.0,7856475.0,2080680.0,1380258.0,2972476.0,877980.0,2008697.0,6596.0,2629.0,267209.0,,18516371.0,1109657.0,2066600.0,227000.0,8617000.0,2600.0
2022-05-01 00:00:00+00:00,376285.0,1650768.0,7954466.0,2298610.0,1418563.0,2998444.0,865140.0,2063417.0,9593.0,2792.0,283919.0,,18328177.0,1116400.0,2228600.0,264000.0,9009000.0,2600.0
2022-05-08 00:00:00+00:00,404104.0,1703005.0,7941866.0,3078050.0,1511294.0,2999956.0,865570.0,2197607.0,,3087.0,294351.0,,20306180.0,1084714.0,2385500.0,261000.0,10484000.0,2600.0
2022-05-15 00:00:00+00:00,521892.0,1764738.0,7898472.0,3635300.0,,3006963.0,859630.0,2419503.0,9038.0,2799.0,298977.0,,22082817.0,1077314.0,2489700.0,264000.0,11949000.0,2600.0
2022-05-22 00:00:00+00:00,741362.0,1833959.0,7899578.0,3863680.0,1954315.0,2999506.0,848360.0,2576437.0,8301.0,3121.0,289703.0,,27827119.0,1072043.0,2516900.0,257000.0,15373000.0,2600.0
2022-05-29 00:00:00+00:00,849573.0,1876531.0,7840692.0,3999490.0,2156969.0,2964537.0,836760.0,2663424.0,8373.0,2951.0,282825.0,,32296750.0,1033957.0,2556600.0,254000.0,19581000.0,2600.0
2022-06-05 00:00:00+00:00,1039793.0,1921808.0,7753901.0,4048200.0,2345706.0,2932807.0,816910.0,2741659.0,7991.0,2527.0,276853.0,,37086369.0,1032343.0,2544500.0,257000.0,21425000.0,2600.0
2022-06-12 00:00:00+00:00,1125611.0,1972378.0,7610604.0,4101890.0,2411291.0,2927346.0,776230.0,2719187.0,8382.0,2909.0,270605.0,,42080583.0,1010671.0,2527200.0,283000.0,23198000.0,
2022-06-19 00:00:00+00:00,1160127.0,1963602.0,7440164.0,4132850.0,2434351.0,2885513.0,746860.0,2670227.0,8101.0,3110.0,249988.0,,46475161.0,1010486.0,2440900.0,276000.0,24598000.0,2600.0
2022-06-26 00:00:00+00:00,1272332.0,1956156.0,7335369.0,4045170.0,2482855.0,2814977.0,709890.0,2852027.0,7868.0,6021.0,237436.0,,51892355.0,1000943.0,2336200.0,247000.0,26665000.0,2600.0
2022-07-03 00:00:00+00:00,1403125.0,1932410.0,7194500.0,3994210.0,2469618.0,2741043.0,684860.0,2681877.0,9595.0,7552.0,231494.0,,54565956.0,974314.0,2301000.0,246000.0,27692000.0,2600.0
2022-07-10 00:00:00+00:00,1472437.0,1909492.0,7037432.0,3936640.0,2462110.0,2683837.0,659130.0,2614979.0,9552.0,5682.0,221631.0,,56099165.0,946100.0,2237600.0,246000.0,28250000.0,2600.0
2022-07-17 00:00:00+00:00,1506209.0,1866298.0,6828082.0,3907310.0,2382772.0,2607244.0,625720.0,2614979.0,8487.0,4217.0,210483.0,,57059916.0,934800.0,2138000.0,246000.0,28399000.0,2600.0
2022-07-24 00:00:00+00:00,1583697.0,1816933.0,6608574.0,3913460.0,2312574.0,2499564.0,604990.0,2377336.0,8467.0,4540.0,201564.0,,58302041.0,922514.0,2037300.0,250000.0,28572000.0,2600.0
2022-07-31 00:00:00+00:00,1715317.0,1770804.0,6357621.0,3938170.0,2274044.0,2403557.0,584820.0,2361321.0,8960.0,4665.0,191533.0,,59468823.0,900357.0,1958500.0,252000.0,28655000.0,2600.0
2022-08-07 00:00:00+00:00,1796278.0,1736519.0,6132407.0,3893310.0,2280964.0,2321419.0,572040.0,2336672.0,7675.0,4317.0,183357.0,,59874573.0,886014.0,1930400.0,267000.0,28380000.0,2600.0
2022-08-14 00:00:00+00:00,1765103.0,1697473.0,5982421.0,3851110.0,2249940.0,2239453.0,557860.0,2341979.0,10084.0,4010.0,176122.0,,60351907.0,868886.0,1898900.0,267000.0,28799000.0,2600.0
2022-08-21 00:00:00+00:00,1807960.0,1668359.0,5812377.0,3737190.0,2250959.0,2161633.0,536230.0,2319283.0,9918.0,4352.0,168652.0,,60519881.0,843929.0,1884900.0,242000.0,28683000.0,2600.0
2022-08-28 00:00:00+00:00,1873203.0,1640767.0,5643916.0,3599500.0,2244154.0,2095751.0,522830.0,2283430.0,10349.0,5636.0,155695.0,,59984628.0,833343.0,1959900.0,242000.0,27983000.0,2600.0
2022-09-04 00:00:00+00:00,1943380.0,1617516.0,5498074.0,3454450.0,2240533.0,2046210.0,504800.0,2287671.0,10652.0,10044.0,154389.0,,58970712.0,823271.0,2017400.0,242000.0,26955000.0,2600.0
2022-09-11 00:00:00+00:00,1947791.0,1608220.0,5329748.0,3485140.0,2252727.0,1994727.0,489570.0,2289541.0,9657.0,9353.0,155052.0,,59586351.0,845943.0,2030200.0,250000.0,26852000.0,2600.0
2022-09-18 00:00:00+00:00,1979697.0,1592549.0,5094243.0,3396670.0,2254828.0,1943454.0,434780.0,2269171.0,9804.0,10155.0,156600.0,,59467822.0,865629.0,2098800.0,242000.0,26243000.0,2600.0
2022-09-25 00:00:00+00:00,1936840.0,1574778.0,4867449.0,3335780.0,2253974.0,1909720.0,450130.0,2222284.0,10557.0,8764.0,157385.0,,60740092.0,868900.0,2167800.0,242000.0,25967000.0,2600.0
2022-10-02 00:00:00+00:00,1986419.0,1537911.0,4808909.0,3371870.0,2313405.0,1881817.0,450160.0,2207775.0,10640.0,10413.0,163875.0,162524.0,64188471.0,857757.0,2238000.0,241000.0,26392000.0,2600.0
2022-10-09 00:00:00+00:00,1966711.0,1508387.0,4757275.0,3414620.0,2320864.0,1849707.0,440730.0,2185858.0,10132.0,10021.0,167179.0,152378.0,65695729.0,857229.0,2222800.0,281000.0,26563000.0,2600.0
2022-10-16 00:00:00+00:00,1963640.0,1486306.0,4759479.0,3430830.0,2315468.0,1826976.0,427670.0,2217213.0,10930.0,10377.0,167729.0,153097.0,65865138.0,883814.0,2144500.0,291000.0,26219000.0,2600.0
2022-10-23 00:00:00+00:00,2001005.0,1468623.0,4884752.0,3419990.0,2419163.0,1797777.0,415920.0,2355750.0,9214.0,10679.0,169265.0,139405.0,66859273.0,1028329.0,2051000.0,291000.0,25852000.0,2600.0
2022-10-30 00:00:00+00:00,1947915.0,1445533.0,5045030.0,3461180.0,2455704.0,1774803.0,406780.0,2369320.0,9884.0,10356.0,178366.0,127565.0,68623349.0,,2004400.0,299000.0,25611000.0,2600.0
2022-11-06 00:00:00+00:00,1919050.0,1425503.0,5135888.0,3532490.0,2495545.0,1751976.0,413010.0,2340800.0,9467.0,9604.0,188700.0,119287.0,71525143.0,1160743.0,1945300.0,337000.0,25932000.0,2600.0
2022-11-13 00:00:00+00:00,1880574.0,1407436.0,5211425.0,3525780.0,2499746.0,1737876.0,482060.0,2311316.0,9403.0,9664.0,215124.0,106288.0,70281173.0,1214914.0,1903600.0,355000.0,25403000.0,2600.0
2022-11-20 00:00:00+00:00,1874133.0,1390735.0,5454445.0,3450130.0,2518920.0,1817537.0,595520.0,2297352.0,9640.0,9468.0,306555.0,115076.0,68221481.0,1286171.0,1939300.0,355000.0,24368000.0,2600.0
2022-11-27 00:00:00+00:00,1828143.0,1361235.0,5768825.0,3385770.0,2462887.0,1823879.0,590880.0,2270509.0,9478.0,9478.0,282994.0,112033.0,65780111.0,1472200.0,1948900.0,376000.0,23082000.0,2600.0
2022-12-04 00:00:00+00:00,1756788.0,1345190.0,5758229.0,3330200.0,2374305.0,1838903.0,678130.0,2249585.0,9914.0,9636.0,286905.0,97931.0,62714198.0,1509729.0,1955600.0,394000.0,21947000.0,2600.0
2022-12-11 00:00:00+00:00,1677478.0,1360879.0,6191200.0,3241340.0,2190805.0,2021853.0,767170.0,2239061.0,8923.0,10163.0,412497.0,126281.0,59499025.0,1509143.0,2043200.0,417000.0,20754000.0,2600.0
2022-12-18 00:00:00+00:00,1636954.0,1352616.0,7263299.0,3215250.0,2142607.0,2071363.0,784270.0,2265916.0,9358.0,9991.0,435651.0,161212.0,57575465.0,1858057.0,2088500.0,417000.0,19769000.0,2600.0
2022-12-25 00:00:00+00:00,1678718.0,1353013.0,8010646.0,3234460.0,2284112.0,2080923.0,807950.0,2234005.0,11345.0,8438.0,390343.0,156277.0,56836295.0,2095371.0,2120800.0,442000.0,19342000.0,2600.0
2023-01-01 00:00:00+00:00,,,,,,,,,,,,,,2285686.0,,,,
